company_id,year,cfo,cfi,cff,cfo_sign,cfi_sign,cff_sign,pattern_code,pattern_label
ABB,2012-12,101.0,-59.0,-42.0,+,-,-,"(+,-,-)",Reinvestor
ABB,2014-03,0.0,0.0,0.0,0,0,0,"(0,0,0)",Mixed
ABB,2015-03,-35.0,-1864.0,1902.0,-,-,+,"(-,-,+)",Mixed
ABB,2016-03,1544.0,-816.0,-722.0,+,-,-,"(+,-,-)",Reinvestor
ABB,2017-03,2189.0,-1730.0,-455.0,+,-,-,"(+,-,-)",Reinvestor
ABB,2018-03,2198.0,-3192.0,1589.0,+,-,+,"(+,-,+)",Shareholder Returns
ABB,2019-03,2591.0,-3050.0,38.0,+,-,+,"(+,-,+)",Shareholder Returns
ABB,2020-03,5437.0,-5643.0,1250.0,+,-,+,"(+,-,+)",Shareholder Returns
ABB,2021-03,3784.0,-4009.0,-745.0,+,-,-,"(+,-,-)",Reinvestor
ABB,2022-03,4097.0,-3936.0,-235.0,+,-,-,"(+,-,-)",Reinvestor
ABB,2023-03,3777.0,-4699.0,923.0,+,-,+,"(+,-,+)",Shareholder Returns
ABB,2024-03,6038.0,-4943.0,-543.0,+,-,-,"(+,-,-)",Reinvestor
ADANIENSOL,2014-03,0.0,0.0,0.0,0,0,0,"(0,0,0)",Mixed
ADANIENSOL,2015-03,-35.0,-1864.0,1902.0,-,-,+,"(-,-,+)",Mixed
ADANIENSOL,2016-03,1544.0,-816.0,-722.0,+,-,-,"(+,-,-)",Reinvestor
ADANIENSOL,2017-03,2189.0,-1730.0,-455.0,+,-,-,"(+,-,-)",Reinvestor
ADANIENSOL,2018-03,2198.0,-3192.0,1589.0,+,-,+,"(+,-,+)",Shareholder Returns
ADANIENSOL,2019-03,2591.0,-3050.0,38.0,+,-,+,"(+,-,+)",Shareholder Returns
ADANIENSOL,2020-03,5437.0,-5643.0,1250.0,+,-,+,"(+,-,+)",Shareholder Returns
ADANIENSOL,2021-03,3784.0,-4009.0,-745.0,+,-,-,"(+,-,-)",Reinvestor
ADANIENSOL,2022-03,4097.0,-3936.0,-235.0,+,-,-,"(+,-,-)",Reinvestor
ADANIENSOL,2023-03,3777.0,-4699.0,923.0,+,-,+,"(+,-,+)",Shareholder Returns
ADANIENSOL,2024-03,6038.0,-4943.0,-543.0,+,-,-,"(+,-,-)",Reinvestor
ADANIENT,2013-03,7666.0,-14790.0,7199.0,+,-,+,"(+,-,+)",Shareholder Returns
ADANIENT,2014-03,8228.0,-8007.0,-1109.0,+,-,-,"(+,-,-)",Reinvestor
ADANIENT,2015-03,8532.0,-11465.0,3445.0,+,-,+,"(+,-,+)",Shareholder Returns
ADANIENT,2016-03,5112.0,-1825.0,-3448.0,+,-,-,"(+,-,-)",Reinvestor
ADANIENT,2017-03,774.0,-1460.0,716.0,+,-,+,"(+,-,+)",Shareholder Returns
ADANIENT,2018-03,2942.0,-7649.0,5120.0,+,-,+,"(+,-,+)",Shareholder Returns
ADANIENT,2019-03,3236.0,2487.0,-6158.0,+,+,-,"(+,+,-)",Liquidating Assets
ADANIENT,2020-03,2454.0,-1082.0,-221.0,+,-,-,"(+,-,-)",Reinvestor
ADANIENT,2021-03,4043.0,-8611.0,3109.0,+,-,+,"(+,-,+)",Shareholder Returns
ADANIENT,2022-03,1385.0,-17041.0,15901.0,+,-,+,"(+,-,+)",Shareholder Returns
ADANIENT,2023-03,17626.0,-15459.0,-1198.0,+,-,-,"(+,-,-)",Reinvestor
ADANIENT,2024-03,10312.0,-18767.0,8879.0,+,-,+,"(+,-,+)",Shareholder Returns
ADANIGREEN,2017-03,28.0,-1511.0,1559.0,+,-,+,"(+,-,+)",Shareholder Returns
ADANIGREEN,2018-03,649.0,-4428.0,3942.0,+,-,+,"(+,-,+)",Shareholder Returns
ADANIGREEN,2019-03,1625.0,-2666.0,1045.0,+,-,+,"(+,-,+)",Shareholder Returns
ADANIGREEN,2020-03,1965.0,-3743.0,2161.0,+,-,+,"(+,-,+)",Shareholder Returns
ADANIGREEN,2021-03,1601.0,-9137.0,7083.0,+,-,+,"(+,-,+)",Shareholder Returns
ADANIGREEN,2022-03,3127.0,-18730.0,15986.0,+,-,+,"(+,-,+)",Shareholder Returns
ADANIGREEN,2023-03,7265.0,-3857.0,-2973.0,+,-,-,"(+,-,-)",Reinvestor
ADANIGREEN,2024-03,7713.0,-21060.0,13953.0,+,-,+,"(+,-,+)",Shareholder Returns
ADANIPORTS,2013-03,1379.0,-5136.0,4138.0,+,-,+,"(+,-,+)",Shareholder Returns
ADANIPORTS,2014-03,1132.0,-2510.0,772.0,+,-,+,"(+,-,+)",Shareholder Returns
ADANIPORTS,2015-03,3057.0,-2485.0,-237.0,+,-,-,"(+,-,-)",Reinvestor
ADANIPORTS,2016-03,2381.0,-4153.0,2170.0,+,-,+,"(+,-,+)",Shareholder Returns
ADANIPORTS,2017-03,4063.0,-2629.0,-1325.0,+,-,-,"(+,-,-)",Reinvestor
ADANIPORTS,2018-03,5608.0,-3846.0,-1889.0,+,-,-,"(+,-,-)",Reinvestor
ADANIPORTS,2019-03,6029.0,-4368.0,2313.0,+,-,+,"(+,-,+)",Shareholder Returns
ADANIPORTS,2020-03,7402.0,-749.0,-4256.0,+,-,-,"(+,-,-)",Reinvestor
ADANIPORTS,2021-03,7556.0,-14064.0,3514.0,+,-,+,"(+,-,+)",Shareholder Returns
ADANIPORTS,2022-03,10420.0,-5493.0,-586.0,+,-,-,"(+,-,-)",Reinvestor
ADANIPORTS,2023-03,11900.0,-16716.0,-2734.0,+,-,-,"(+,-,-)",Reinvestor
ADANIPORTS,2024-03,15018.0,-6768.0,-7800.0,+,-,-,"(+,-,-)",Reinvestor
ADANIPOWER,2013-03,3001.0,-4064.0,861.0,+,-,+,"(+,-,+)",Shareholder Returns
ADANIPOWER,2014-03,3238.0,-4700.0,1631.0,+,-,+,"(+,-,+)",Shareholder Returns
ADANIPOWER,2015-03,5824.0,-4737.0,-1144.0,+,-,-,"(+,-,-)",Reinvestor
ADANIPOWER,2016-03,5257.0,-2692.0,-2713.0,+,-,-,"(+,-,-)",Reinvestor
ADANIPOWER,2017-03,4725.0,-1212.0,-3539.0,+,-,-,"(+,-,-)",Reinvestor
ADANIPOWER,2018-03,5101.0,-520.0,-4600.0,+,-,-,"(+,-,-)",Reinvestor
ADANIPOWER,2019-03,5610.0,-984.0,-4663.0,+,-,-,"(+,-,-)",Reinvestor
ADANIPOWER,2020-03,5598.0,-2304.0,-2377.0,+,-,-,"(+,-,-)",Reinvestor
ADANIPOWER,2021-03,7014.0,-2188.0,-5655.0,+,-,-,"(+,-,-)",Reinvestor
ADANIPOWER,2022-03,10233.0,774.0,-10338.0,+,+,-,"(+,+,-)",Liquidating Assets
ADANIPOWER,2023-03,8431.0,1545.0,-10408.0,+,+,-,"(+,+,-)",Liquidating Assets
ADANIPOWER,2024-03,14170.0,3481.0,-16864.0,+,+,-,"(+,+,-)",Liquidating Assets
AMBUJACEM,2012-12,1860.0,-388.0,-509.0,+,-,-,"(+,-,-)",Reinvestor
AMBUJACEM,2013-12,1267.0,-496.0,-672.0,+,-,-,"(+,-,-)",Reinvestor
AMBUJACEM,2014-12,1675.0,-456.0,-721.0,+,-,-,"(+,-,-)",Reinvestor
AMBUJACEM,2015-12,1557.0,-83.0,-900.0,+,-,-,"(+,-,-)",Reinvestor
AMBUJACEM,2016-12,2810.0,-4165.0,-958.0,+,-,-,"(+,-,-)",Reinvestor
AMBUJACEM,2017-12,3416.0,-738.0,-1015.0,+,-,-,"(+,-,-)",Reinvestor
AMBUJACEM,2018-12,1703.0,-765.0,-719.0,+,-,-,"(+,-,-)",Reinvestor
AMBUJACEM,2019-12,4739.0,-1191.0,-629.0,+,-,-,"(+,-,-)",Reinvestor
AMBUJACEM,2020-12,4832.0,-1317.0,-3956.0,+,-,-,"(+,-,-)",Reinvestor
AMBUJACEM,2021-12,5309.0,-2007.0,-516.0,+,-,-,"(+,-,-)",Reinvestor
AMBUJACEM,2023-03,735.0,-14481.0,2931.0,+,-,+,"(+,-,+)",Shareholder Returns
AMBUJACEM,2024-03,5646.0,-8941.0,5689.0,+,-,+,"(+,-,+)",Shareholder Returns
APOLLOHOSP,2013-03,443.0,-733.0,373.0,+,-,+,"(+,-,+)",Shareholder Returns
APOLLOHOSP,2014-03,373.0,-356.0,-63.0,+,-,-,"(+,-,-)",Reinvestor
APOLLOHOSP,2015-03,470.0,-759.0,392.0,+,-,+,"(+,-,+)",Shareholder Returns
APOLLOHOSP,2016-03,597.0,-888.0,330.0,+,-,+,"(+,-,+)",Shareholder Returns
APOLLOHOSP,2017-03,623.0,-1152.0,477.0,+,-,+,"(+,-,+)",Shareholder Returns
APOLLOHOSP,2018-03,537.0,-405.0,-108.0,+,-,-,"(+,-,-)",Reinvestor
APOLLOHOSP,2019-03,905.0,-711.0,-215.0,+,-,-,"(+,-,-)",Reinvestor
APOLLOHOSP,2020-03,1293.0,-289.0,-910.0,+,-,-,"(+,-,-)",Reinvestor
APOLLOHOSP,2021-03,1265.0,-880.0,-340.0,+,-,-,"(+,-,-)",Reinvestor
APOLLOHOSP,2022-03,1696.0,-747.0,-792.0,+,-,-,"(+,-,-)",Reinvestor
APOLLOHOSP,2023-03,1377.0,-857.0,-633.0,+,-,-,"(+,-,-)",Reinvestor
APOLLOHOSP,2024-03,1920.0,-1537.0,-311.0,+,-,-,"(+,-,-)",Reinvestor
ASIANPAINT,2013-03,1187.0,-463.0,-601.0,+,-,-,"(+,-,-)",Reinvestor
ASIANPAINT,2014-03,1402.0,-586.0,-626.0,+,-,-,"(+,-,-)",Reinvestor
ASIANPAINT,2015-03,1188.0,-465.0,-576.0,+,-,-,"(+,-,-)",Reinvestor
ASIANPAINT,2016-03,2243.0,-866.0,-849.0,+,-,-,"(+,-,-)",Reinvestor
ASIANPAINT,2017-03,1527.0,-681.0,-756.0,+,-,-,"(+,-,-)",Reinvestor
ASIANPAINT,2018-03,2113.0,-1556.0,-1379.0,+,-,-,"(+,-,-)",Reinvestor
ASIANPAINT,2019-03,2470.0,-918.0,-1117.0,+,-,-,"(+,-,-)",Reinvestor
ASIANPAINT,2020-03,3038.0,-518.0,-2871.0,+,-,-,"(+,-,-)",Reinvestor
ASIANPAINT,2021-03,3683.0,-541.0,-650.0,+,-,-,"(+,-,-)",Reinvestor
ASIANPAINT,2022-03,986.0,-317.0,-1808.0,+,-,-,"(+,-,-)",Reinvestor
ASIANPAINT,2023-03,4193.0,-1282.0,-2140.0,+,-,-,"(+,-,-)",Reinvestor
ASIANPAINT,2024-03,6104.0,-2548.0,-2982.0,+,-,-,"(+,-,-)",Reinvestor
AXISBANK,2013-03,2573.0,-10939.0,14931.0,+,-,+,"(+,-,+)",Shareholder Returns
AXISBANK,2014-03,14464.0,-14166.0,7785.0,+,-,+,"(+,-,+)",Shareholder Returns
AXISBANK,2015-03,-15162.0,-7972.0,31045.0,-,-,+,"(-,-,+)",Mixed
AXISBANK,2016-03,-34495.0,9211.0,22495.0,-,+,+,"(-,+,+)",Distress Signal
AXISBANK,2017-03,32209.0,-12458.0,-2487.0,+,-,-,"(+,-,-)",Reinvestor
AXISBANK,2018-03,-38390.0,-10007.0,41342.0,-,-,+,"(-,-,+)",Mixed
AXISBANK,2019-03,37125.0,-18674.0,5643.0,+,-,+,"(+,-,+)",Shareholder Returns
AXISBANK,2020-03,30416.0,-9485.0,8865.0,+,-,+,"(+,-,+)",Shareholder Returns
AXISBANK,2021-03,12633.0,-54288.0,7279.0,+,-,+,"(+,-,+)",Shareholder Returns
AXISBANK,2022-03,28137.0,-27112.0,47894.0,+,-,+,"(+,-,+)",Shareholder Returns
AXISBANK,2023-03,22075.0,-32351.0,6641.0,+,-,+,"(+,-,+)",Shareholder Returns
AXISBANK,2024-03,-5555.0,-9001.0,22341.0,-,-,+,"(-,-,+)",Mixed
BAJAJ-AUTO,2013-03,2218.0,-1394.0,-1445.0,+,-,-,"(+,-,-)",Reinvestor
BAJAJ-AUTO,2014-03,3502.0,-2072.0,-1496.0,+,-,-,"(+,-,-)",Reinvestor
BAJAJ-AUTO,2015-03,2114.0,-380.0,-1644.0,+,-,-,"(+,-,-)",Reinvestor
BAJAJ-AUTO,2016-03,3690.0,-68.0,-3384.0,+,-,-,"(+,-,-)",Reinvestor
BAJAJ-AUTO,2017-03,3267.0,-3610.0,-190.0,+,-,-,"(+,-,-)",Reinvestor
BAJAJ-AUTO,2018-03,4328.0,-1954.0,-1885.0,+,-,-,"(+,-,-)",Reinvestor
BAJAJ-AUTO,2019-03,2487.0,-273.0,-2074.0,+,-,-,"(+,-,-)",Reinvestor
BAJAJ-AUTO,2020-03,3850.0,1766.0,-6247.0,+,+,-,"(+,+,-)",Liquidating Assets
BAJAJ-AUTO,2021-03,3120.0,-2869.0,-20.0,+,-,-,"(+,-,-)",Reinvestor
BAJAJ-AUTO,2022-03,4197.0,276.0,-4056.0,+,+,-,"(+,+,-)",Liquidating Assets
BAJAJ-AUTO,2023-03,5277.0,1211.0,-7181.0,+,+,-,"(+,+,-)",Liquidating Assets
BAJAJ-AUTO,2024-03,6558.0,-72.0,-6167.0,+,-,-,"(+,-,-)",Reinvestor
BAJAJFINSV,2013-03,-6922.0,2953.0,4592.0,-,+,+,"(-,+,+)",Distress Signal
BAJAJFINSV,2014-03,-9807.0,3764.0,6521.0,-,+,+,"(-,+,+)",Distress Signal
BAJAJFINSV,2015-03,-10731.0,3709.0,6839.0,-,+,+,"(-,+,+)",Distress Signal
BAJAJFINSV,2016-03,-9795.0,-886.0,11602.0,-,-,+,"(-,-,+)",Mixed
BAJAJFINSV,2017-03,-10922.0,151.0,12513.0,-,+,+,"(-,+,+)",Distress Signal
BAJAJFINSV,2018-03,-19580.0,-922.0,19590.0,-,-,+,"(-,-,+)",Mixed
BAJAJFINSV,2019-03,-27076.0,-6903.0,34535.0,-,-,+,"(-,-,+)",Mixed
BAJAJFINSV,2020-03,-23369.0,-9948.0,34479.0,-,-,+,"(-,-,+)",Mixed
BAJAJFINSV,2021-03,4547.0,-3684.0,1687.0,+,-,+,"(+,-,+)",Shareholder Returns
BAJAJFINSV,2022-03,-33670.0,1445.0,32326.0,-,+,+,"(-,+,+)",Distress Signal
BAJAJFINSV,2023-03,-39480.0,-13945.0,51016.0,-,-,+,"(-,-,+)",Mixed
BAJAJFINSV,2024-03,-68674.0,-10960.0,82709.0,-,-,+,"(-,-,+)",Mixed
BAJAJHLDNG,2013-03,473.0,-369.0,-332.0,+,-,-,"(+,-,-)",Reinvestor
BAJAJHLDNG,2014-03,872.0,-519.0,-326.0,+,-,-,"(+,-,-)",Reinvestor
BAJAJHLDNG,2015-03,796.0,-464.0,-391.0,+,-,-,"(+,-,-)",Reinvestor
BAJAJHLDNG,2016-03,1147.0,1019.0,-761.0,+,+,-,"(+,+,-)",Liquidating Assets
BAJAJHLDNG,2017-03,-923.0,-372.0,-110.0,-,-,-,"(-,-,-)",Mixed
BAJAJHLDNG,2018-03,1631.0,-1123.0,-434.0,+,-,-,"(+,-,-)",Reinvestor
BAJAJHLDNG,2019-03,628.0,-163.0,-536.0,+,-,-,"(+,-,-)",Reinvestor
BAJAJHLDNG,2020-03,1920.0,-800.0,-1028.0,+,-,-,"(+,-,-)",Reinvestor
BAJAJHLDNG,2021-03,272.0,-308.0,-37.0,+,-,-,"(+,-,-)",Reinvestor
BAJAJHLDNG,2022-03,1610.0,-151.0,-1460.0,+,-,-,"(+,-,-)",Reinvestor
BAJAJHLDNG,2023-03,1728.0,-137.0,-1587.0,+,-,-,"(+,-,-)",Reinvestor
BAJAJHLDNG,2024-03,1941.0,-472.0,-1455.0,+,-,-,"(+,-,-)",Reinvestor
BAJFINANCE,2015-03,-7064.0,-360.0,6867.0,-,-,+,"(-,-,+)",Mixed
BAJFINANCE,2016-03,-9870.0,-687.0,11656.0,-,-,+,"(-,-,+)",Mixed
BAJFINANCE,2017-03,-10439.0,-3047.0,12513.0,-,-,+,"(-,-,+)",Mixed
BAJFINANCE,2018-03,-20566.0,1075.0,19503.0,-,+,+,"(-,+,+)",Distress Signal
BAJFINANCE,2019-03,-29062.0,-5379.0,34449.0,-,-,+,"(-,-,+)",Mixed
BAJFINANCE,2020-03,-24412.0,-8758.0,34167.0,-,-,+,"(-,-,+)",Mixed
BAJFINANCE,2021-03,-807.0,-429.0,1741.0,-,-,+,"(-,-,+)",Mixed
BAJFINANCE,2022-03,-37090.0,6347.0,32275.0,-,+,+,"(-,+,+)",Distress Signal
BAJFINANCE,2023-03,-42112.0,-10394.0,50675.0,-,-,+,"(-,-,+)",Mixed
BAJFINANCE,2024-03,-72760.0,-7171.0,82415.0,-,-,+,"(-,-,+)",Mixed
BANKBARODA,2013-03,23196.0,-514.0,-790.0,+,-,-,"(+,-,-)",Reinvestor
BANKBARODA,2014-03,42233.0,-730.0,5151.0,+,-,+,"(+,-,+)",Shareholder Returns
BANKBARODA,2015-03,17838.0,-556.0,-6.0,+,-,-,"(+,-,-)",Reinvestor
BANKBARODA,2016-03,-10011.0,-4005.0,-616.0,-,-,-,"(-,-,-)",Mixed
BANKBARODA,2017-03,17865.0,-551.0,-198.0,+,-,-,"(+,-,-)",Reinvestor
BANKBARODA,2018-03,-59692.0,-414.0,3413.0,-,-,+,"(-,-,+)",Mixed
BANKBARODA,2019-03,-1449.0,-2537.0,4449.0,-,-,+,"(-,-,+)",Mixed
BANKBARODA,2020-03,18531.0,-139.0,14729.0,+,-,+,"(+,-,+)",Shareholder Returns
BANKBARODA,2021-03,-887.0,-471.0,-986.0,-,-,-,"(-,-,-)",Mixed
BANKBARODA,2022-03,6210.0,-3645.0,-998.0,+,-,-,"(+,-,-)",Reinvestor
BANKBARODA,2023-03,-21354.0,-1096.0,-5405.0,-,-,-,"(-,-,-)",Mixed
BANKBARODA,2024-03,-6274.0,-1285.0,5476.0,-,-,+,"(-,-,+)",Mixed
BEL,2013-03,-1539.0,1753.0,-158.0,-,+,-,"(-,+,-)",Pre-Revenue Growth
BEL,2014-03,-569.0,759.0,-213.0,-,+,-,"(-,+,-)",Pre-Revenue Growth
BEL,2015-03,1434.0,-839.0,-209.0,+,-,-,"(+,-,-)",Reinvestor
BEL,2016-03,2260.0,-1470.0,-318.0,+,-,-,"(+,-,-)",Reinvestor
BEL,2017-03,-61.0,3115.0,-2857.0,-,+,-,"(-,+,-)",Pre-Revenue Growth
BEL,2018-03,-687.0,-6.0,-1202.0,-,-,-,"(-,-,-)",Mixed
BEL,2019-03,1514.0,-896.0,-663.0,+,-,-,"(+,-,-)",Reinvestor
BEL,2020-03,2570.0,-649.0,-1061.0,+,-,-,"(+,-,-)",Reinvestor
BEL,2021-03,5093.0,-2595.0,-1076.0,+,-,-,"(+,-,-)",Reinvestor
BEL,2022-03,4207.0,-4872.0,-1078.0,+,-,-,"(+,-,-)",Reinvestor
BEL,2023-03,1199.0,2708.0,-1262.0,+,+,-,"(+,+,-)",Liquidating Assets
BEL,2024-03,4659.0,-5924.0,-1475.0,+,-,-,"(+,-,-)",Reinvestor
BHARTIARTL,2013-03,22608.0,-18676.0,-4566.0,+,-,-,"(+,-,-)",Reinvestor
BHARTIARTL,2014-03,26233.0,-25181.0,2774.0,+,-,+,"(+,-,+)",Shareholder Returns
BHARTIARTL,2015-03,28059.0,-22301.0,-9672.0,+,-,-,"(+,-,-)",Reinvestor
BHARTIARTL,2016-03,27942.0,-14091.0,-11946.0,+,-,-,"(+,-,-)",Reinvestor
BHARTIARTL,2017-03,28280.0,-30680.0,-351.0,+,-,-,"(+,-,-)",Reinvestor
BHARTIARTL,2018-03,29854.0,-27940.0,1920.0,+,-,+,"(+,-,+)",Shareholder Returns
BHARTIARTL,2019-03,20070.0,-28286.0,9464.0,+,-,+,"(+,-,+)",Shareholder Returns
BHARTIARTL,2020-03,18129.0,-29598.0,19144.0,+,-,+,"(+,-,+)",Shareholder Returns
BHARTIARTL,2021-03,48205.0,-27286.0,-24910.0,+,-,-,"(+,-,-)",Reinvestor
BHARTIARTL,2022-03,55017.0,-41478.0,-15203.0,+,-,-,"(+,-,-)",Reinvestor
BHARTIARTL,2023-03,65325.0,-39232.0,-24470.0,+,-,-,"(+,-,-)",Reinvestor
BHARTIARTL,2024-03,78898.0,-51089.0,-27778.0,+,-,-,"(+,-,-)",Reinvestor
BHEL,2013-03,1759.0,-1113.0,472.0,+,-,+,"(+,-,+)",Shareholder Returns
BHEL,2014-03,4512.0,-868.0,523.0,+,-,+,"(+,-,+)",Shareholder Returns
BHEL,2015-03,821.0,650.0,-3543.0,+,+,-,"(+,+,-)",Liquidating Assets
BHEL,2016-03,374.0,23.0,-122.0,+,+,-,"(+,+,-)",Liquidating Assets
BHEL,2017-03,560.0,-565.0,-468.0,+,-,-,"(+,-,-)",Reinvestor
BHEL,2018-03,989.0,961.0,-667.0,+,+,-,"(+,+,-)",Liquidating Assets
BHEL,2019-03,-3860.0,1919.0,-32.0,-,+,-,"(-,+,-)",Pre-Revenue Growth
BHEL,2020-03,-2892.0,1877.0,1622.0,-,+,+,"(-,+,+)",Distress Signal
BHEL,2021-03,560.0,-42.0,-394.0,+,-,-,"(+,-,-)",Reinvestor
BHEL,2022-03,660.0,-1118.0,-329.0,+,-,-,"(+,-,-)",Reinvestor
BHEL,2023-03,-741.0,1480.0,89.0,-,+,+,"(-,+,+)",Distress Signal
BHEL,2024-03,-3713.0,1331.0,2656.0,-,+,+,"(-,+,+)",Distress Signal
BOSCHLTD,2012-12,871.0,-824.0,-156.0,+,-,-,"(+,-,-)",Reinvestor
BOSCHLTD,2013-12,1057.0,-846.0,-238.0,+,-,-,"(+,-,-)",Reinvestor
BOSCHLTD,2015-03,1396.0,-1183.0,-237.0,+,-,-,"(+,-,-)",Reinvestor
BOSCHLTD,2016-03,1318.0,-995.0,-356.0,+,-,-,"(+,-,-)",Reinvestor
BOSCHLTD,2017-03,1457.0,1246.0,-2670.0,+,+,-,"(+,+,-)",Liquidating Assets
BOSCHLTD,2018-03,1729.0,-1170.0,-325.0,+,-,-,"(+,-,-)",Reinvestor
BOSCHLTD,2019-03,593.0,1766.0,-2531.0,+,+,-,"(+,+,-)",Liquidating Assets
BOSCHLTD,2020-03,1336.0,-873.0,-399.0,+,-,-,"(+,-,-)",Reinvestor
BOSCHLTD,2021-03,835.0,-463.0,-338.0,+,-,-,"(+,-,-)",Reinvestor
BOSCHLTD,2022-03,271.0,-33.0,-383.0,+,-,-,"(+,-,-)",Reinvestor
BOSCHLTD,2023-03,1214.0,262.0,-1239.0,+,+,-,"(+,+,-)",Liquidating Assets
BOSCHLTD,2024-03,1253.0,283.0,-1452.0,+,+,-,"(+,+,-)",Liquidating Assets
BPCL,2013-03,5926.0,-3604.0,-846.0,+,-,-,"(+,-,-)",Reinvestor
BPCL,2014-03,9588.0,-6881.0,-3736.0,+,-,-,"(+,-,-)",Reinvestor
BPCL,2015-03,20742.0,-10536.0,-9792.0,+,-,-,"(+,-,-)",Reinvestor
BPCL,2016-03,11119.0,-9233.0,-1332.0,+,-,-,"(+,-,-)",Reinvestor
BPCL,2017-03,9041.0,-15274.0,4804.0,+,-,+,"(+,-,+)",Shareholder Returns
BPCL,2018-03,11068.0,-7066.0,-4218.0,+,-,-,"(+,-,-)",Reinvestor
BPCL,2019-03,10157.0,-10451.0,207.0,+,-,+,"(+,-,+)",Shareholder Returns
BPCL,2020-03,7881.0,-11135.0,3583.0,+,-,+,"(+,-,+)",Shareholder Returns
BPCL,2021-03,23455.0,-2474.0,-13981.0,+,-,-,"(+,-,-)",Reinvestor
BPCL,2022-03,20336.0,-8138.0,-17672.0,+,-,-,"(+,-,-)",Reinvestor
BPCL,2023-03,12466.0,-7806.0,-4402.0,+,-,-,"(+,-,-)",Reinvestor
BPCL,2024-03,35936.0,-10521.0,-25427.0,+,-,-,"(+,-,-)",Reinvestor
BRITANNIA,2013-03,320.0,28.0,-378.0,+,+,-,"(+,+,-)",Liquidating Assets
BRITANNIA,2014-03,671.0,-246.0,-357.0,+,-,-,"(+,-,-)",Reinvestor
BRITANNIA,2015-03,584.0,-450.0,-181.0,+,-,-,"(+,-,-)",Reinvestor
BRITANNIA,2016-03,959.0,-705.0,-246.0,+,-,-,"(+,-,-)",Reinvestor
BRITANNIA,2017-03,441.0,-150.0,-295.0,+,-,-,"(+,-,-)",Reinvestor
BRITANNIA,2018-03,1249.0,-957.0,-232.0,+,-,-,"(+,-,-)",Reinvestor
BRITANNIA,2019-03,1156.0,-852.0,-353.0,+,-,-,"(+,-,-)",Reinvestor
BRITANNIA,2020-03,1485.0,-1526.0,58.0,+,-,+,"(+,-,+)",Shareholder Returns
BRITANNIA,2021-03,1876.0,433.0,-2242.0,+,+,-,"(+,+,-)",Liquidating Assets
BRITANNIA,2022-03,1300.0,914.0,-2246.0,+,+,-,"(+,+,-)",Liquidating Assets
BRITANNIA,2023-03,2526.0,-1507.0,-1028.0,+,-,-,"(+,-,-)",Reinvestor
BRITANNIA,2024-03,2573.0,477.0,-2830.0,+,+,-,"(+,+,-)",Liquidating Assets
CANBK,2013-03,8010.0,-435.0,-1043.0,+,-,-,"(+,-,-)",Reinvestor
CANBK,2014-03,14244.0,-380.0,-3771.0,+,-,-,"(+,-,-)",Reinvestor
CANBK,2015-03,6344.0,-1104.0,-1464.0,+,-,-,"(+,-,-)",Reinvestor
CANBK,2016-03,9346.0,-443.0,-806.0,+,-,-,"(+,-,-)",Reinvestor
CANBK,2017-03,2575.0,-476.0,124.0,+,-,+,"(+,-,+)",Shareholder Returns
CANBK,2018-03,-11120.0,-487.0,2865.0,-,-,+,"(-,-,+)",Mixed
CANBK,2019-03,18237.0,-745.0,-1185.0,+,-,-,"(+,-,-)",Reinvestor
CANBK,2020-03,-5289.0,-445.0,7792.0,-,-,+,"(-,-,+)",Mixed
CANBK,2021-03,59118.0,-1116.0,290.0,+,-,+,"(+,-,+)",Shareholder Returns
CANBK,2022-03,919.0,-1429.0,4035.0,+,-,+,"(+,-,+)",Shareholder Returns
CANBK,2023-03,-39978.0,-1156.0,445.0,-,-,+,"(-,-,+)",Mixed
CANBK,2024-03,15046.0,-1750.0,-3834.0,+,-,-,"(+,-,-)",Reinvestor
CHOLAFIN,2013-03,-3754.0,5.0,4067.0,-,+,+,"(-,+,+)",Distress Signal
CHOLAFIN,2014-03,-2447.0,-83.0,2749.0,-,-,+,"(-,-,+)",Mixed
CHOLAFIN,2015-03,-2264.0,-40.0,1819.0,-,-,+,"(-,-,+)",Mixed
CHOLAFIN,2016-03,-2809.0,-137.0,3031.0,-,-,+,"(-,-,+)",Mixed
CHOLAFIN,2017-03,-1468.0,-222.0,1692.0,-,-,+,"(-,-,+)",Mixed
CHOLAFIN,2018-03,-7926.0,-60.0,8009.0,-,-,+,"(-,-,+)",Mixed
CHOLAFIN,2019-03,-9317.0,-11.0,12191.0,-,-,+,"(-,-,+)",Mixed
CHOLAFIN,2020-03,-2075.0,-54.0,2452.0,-,-,+,"(-,-,+)",Mixed
CHOLAFIN,2021-03,-8848.0,-1746.0,8707.0,-,-,+,"(-,-,+)",Mixed
CHOLAFIN,2022-03,-5571.0,1640.0,5150.0,-,+,+,"(-,+,+)",Distress Signal
CHOLAFIN,2023-03,-27105.0,-2148.0,27466.0,-,-,+,"(-,-,+)",Mixed
CHOLAFIN,2024-03,-35683.0,-2855.0,38471.0,-,-,+,"(-,-,+)",Mixed
CIPLA,2013-03,1398.0,-2063.0,718.0,+,-,+,"(+,-,+)",Shareholder Returns
CIPLA,2014-03,1563.0,-1265.0,-266.0,+,-,-,"(+,-,-)",Reinvestor
CIPLA,2015-03,1173.0,-950.0,165.0,+,-,+,"(+,-,+)",Shareholder Returns
CIPLA,2016-03,1741.0,-4533.0,3104.0,+,-,+,"(+,-,+)",Shareholder Returns
CIPLA,2017-03,2382.0,-1304.0,-1326.0,+,-,-,"(+,-,-)",Reinvestor
CIPLA,2018-03,1463.0,-834.0,-385.0,+,-,-,"(+,-,-)",Reinvestor
CIPLA,2019-03,1691.0,-1688.0,-349.0,+,-,-,"(+,-,-)",Reinvestor
CIPLA,2020-03,3068.0,114.0,-2949.0,+,+,-,"(+,+,-)",Liquidating Assets
CIPLA,2021-03,3755.0,-2374.0,-1240.0,+,-,-,"(+,-,-)",Reinvestor
CIPLA,2022-03,3326.0,-1858.0,-1600.0,+,-,-,"(+,-,-)",Reinvestor
CIPLA,2023-03,3238.0,-2376.0,-958.0,+,-,-,"(+,-,-)",Reinvestor
CIPLA,2024-03,4134.0,-2982.0,-1200.0,+,-,-,"(+,-,-)",Reinvestor
COALINDIA,2013-03,9109.0,-1833.0,-7852.0,+,-,-,"(+,-,-)",Reinvestor
COALINDIA,2014-03,14525.0,8580.0,-25350.0,+,+,-,"(+,+,-)",Liquidating Assets
COALINDIA,2015-03,14382.0,894.0,-15026.0,+,+,-,"(+,+,-)",Liquidating Assets
COALINDIA,2016-03,13154.0,8154.0,-19587.0,+,+,-,"(+,+,-)",Liquidating Assets
COALINDIA,2017-03,16461.0,455.0,-17598.0,+,+,-,"(+,+,-)",Liquidating Assets
COALINDIA,2018-03,21115.0,-7747.0,-13564.0,+,-,-,"(+,-,-)",Reinvestor
COALINDIA,2019-03,16356.0,-7896.0,-10885.0,+,-,-,"(+,-,-)",Reinvestor
COALINDIA,2020-03,4977.0,1033.0,-4791.0,+,+,-,"(+,+,-)",Liquidating Assets
COALINDIA,2021-03,10592.0,182.0,-8453.0,+,+,-,"(+,+,-)",Liquidating Assets
COALINDIA,2022-03,41107.0,-25715.0,-13441.0,+,-,-,"(+,-,-)",Reinvestor
COALINDIA,2023-03,35734.0,-23465.0,-13704.0,+,-,-,"(+,-,-)",Reinvestor
COALINDIA,2024-03,18103.0,-4486.0,-13899.0,+,-,-,"(+,-,-)",Reinvestor
DABUR,2013-03,870.0,-622.0,-234.0,+,-,-,"(+,-,-)",Reinvestor
DABUR,2014-03,1098.0,-104.0,-804.0,+,-,-,"(+,-,-)",Reinvestor
DABUR,2015-03,1047.0,-876.0,-417.0,+,-,-,"(+,-,-)",Reinvestor
DABUR,2016-03,1187.0,-730.0,-374.0,+,-,-,"(+,-,-)",Reinvestor
DABUR,2017-03,1227.0,-807.0,-339.0,+,-,-,"(+,-,-)",Reinvestor
DABUR,2018-03,1092.0,-541.0,-577.0,+,-,-,"(+,-,-)",Reinvestor
DABUR,2019-03,1499.0,338.0,-1888.0,+,+,-,"(+,+,-)",Liquidating Assets
DABUR,2020-03,1614.0,-517.0,-1043.0,+,-,-,"(+,-,-)",Reinvestor
DABUR,2021-03,2115.0,-1404.0,-613.0,+,-,-,"(+,-,-)",Reinvestor
DABUR,2022-03,1802.0,-1273.0,-490.0,+,-,-,"(+,-,-)",Reinvestor
DABUR,2023-03,1488.0,-583.0,-1035.0,+,-,-,"(+,-,-)",Reinvestor
DABUR,2024-03,2013.0,-971.0,-1161.0,+,-,-,"(+,-,-)",Reinvestor
DIVISLAB,2013-03,480.0,-255.0,-231.0,+,-,-,"(+,-,-)",Reinvestor
DIVISLAB,2014-03,557.0,-305.0,-248.0,+,-,-,"(+,-,-)",Reinvestor
DIVISLAB,2015-03,826.0,-521.0,-303.0,+,-,-,"(+,-,-)",Reinvestor
DIVISLAB,2016-03,1038.0,-406.0,-631.0,+,-,-,"(+,-,-)",Reinvestor
DIVISLAB,2017-03,1150.0,-1140.0,2.0,+,-,+,"(+,-,+)",Shareholder Returns
DIVISLAB,2018-03,776.0,-478.0,-314.0,+,-,-,"(+,-,-)",Reinvestor
DIVISLAB,2019-03,954.0,-685.0,-246.0,+,-,-,"(+,-,-)",Reinvestor
DIVISLAB,2020-03,1216.0,-83.0,-1091.0,+,-,-,"(+,-,-)",Reinvestor
DIVISLAB,2021-03,1947.0,75.0,-35.0,+,+,-,"(+,+,-)",Liquidating Assets
DIVISLAB,2022-03,1912.0,-2195.0,-532.0,+,-,-,"(+,-,-)",Reinvestor
DIVISLAB,2023-03,2459.0,-2707.0,-797.0,+,-,-,"(+,-,-)",Reinvestor
DIVISLAB,2024-03,1261.0,-269.0,-799.0,+,-,-,"(+,-,-)",Reinvestor
DLF,2013-03,2009.0,1995.0,-3951.0,+,+,-,"(+,+,-)",Liquidating Assets
DLF,2014-03,1468.0,3924.0,-4532.0,+,+,-,"(+,+,-)",Liquidating Assets
DLF,2015-03,2037.0,98.0,-1547.0,+,+,-,"(+,+,-)",Liquidating Assets
DLF,2016-03,2957.0,-818.0,-1929.0,+,-,-,"(+,-,-)",Reinvestor
DLF,2017-03,-898.0,872.0,787.0,-,+,+,"(-,+,+)",Distress Signal
DLF,2018-03,270.0,-2102.0,-232.0,+,-,-,"(+,-,-)",Reinvestor
DLF,2019-03,2043.0,3.0,875.0,+,+,+,"(+,+,+)",Growth + Debt
DLF,2020-03,356.0,6508.0,-9522.0,+,+,-,"(+,+,-)",Liquidating Assets
DLF,2021-03,1460.0,150.0,-2184.0,+,+,-,"(+,+,-)",Liquidating Assets
DLF,2022-03,2832.0,267.0,-3828.0,+,+,-,"(+,+,-)",Liquidating Assets
DLF,2023-03,2375.0,-461.0,-2013.0,+,-,-,"(+,-,-)",Reinvestor
DLF,2024-03,2539.0,-1529.0,177.0,+,-,+,"(+,-,+)",Shareholder Returns
DMART,2013-03,127.0,-231.0,118.0,+,-,+,"(+,-,+)",Shareholder Returns
DMART,2014-03,198.0,-270.0,65.0,+,-,+,"(+,-,+)",Shareholder Returns
DMART,2015-03,222.0,-474.0,234.0,+,-,+,"(+,-,+)",Shareholder Returns
DMART,2016-03,433.0,-633.0,196.0,+,-,+,"(+,-,+)",Shareholder Returns
DMART,2017-03,455.0,-2482.0,2025.0,+,-,+,"(+,-,+)",Shareholder Returns
DMART,2018-03,730.0,464.0,-1159.0,+,+,-,"(+,+,-)",Liquidating Assets
DMART,2019-03,807.0,-958.0,209.0,+,-,+,"(+,-,+)",Shareholder Returns
DMART,2020-03,1280.0,-4657.0,3357.0,+,-,+,"(+,-,+)",Shareholder Returns
DMART,2021-03,1375.0,-1110.0,-180.0,+,-,-,"(+,-,-)",Reinvestor
DMART,2022-03,1372.0,-1289.0,-179.0,+,-,-,"(+,-,-)",Reinvestor
DMART,2023-03,2630.0,-2313.0,-205.0,+,-,-,"(+,-,-)",Reinvestor
DMART,2024-03,2746.0,-2468.0,-148.0,+,-,-,"(+,-,-)",Reinvestor
DRREDDY,2013-03,1378.0,-1437.0,-157.0,+,-,-,"(+,-,-)",Reinvestor
DRREDDY,2014-03,1970.0,-1604.0,-24.0,+,-,-,"(+,-,-)",Reinvestor
DRREDDY,2015-03,2524.0,-2370.0,-433.0,+,-,-,"(+,-,-)",Reinvestor
DRREDDY,2016-03,3263.0,-1610.0,-1700.0,+,-,-,"(+,-,-)",Reinvestor
DRREDDY,2017-03,2144.0,-1890.0,-369.0,+,-,-,"(+,-,-)",Reinvestor
DRREDDY,2018-03,1803.0,-1483.0,-444.0,+,-,-,"(+,-,-)",Reinvestor
DRREDDY,2019-03,2870.0,-769.0,-2133.0,+,-,-,"(+,-,-)",Reinvestor
DRREDDY,2020-03,2984.0,-495.0,-2516.0,+,-,-,"(+,-,-)",Reinvestor
DRREDDY,2021-03,3570.0,-2255.0,-30.0,+,-,-,"(+,-,-)",Reinvestor
DRREDDY,2022-03,2811.0,-2565.0,-242.0,+,-,-,"(+,-,-)",Reinvestor
DRREDDY,2023-03,5888.0,-4109.0,-2686.0,+,-,-,"(+,-,-)",Reinvestor
DRREDDY,2024-03,4543.0,-4034.0,-376.0,+,-,-,"(+,-,-)",Reinvestor
EICHERMOT,2012-12,496.0,-773.0,-111.0,+,-,-,"(+,-,-)",Reinvestor
EICHERMOT,2013-12,716.0,-790.0,-47.0,+,-,-,"(+,-,-)",Reinvestor
EICHERMOT,2014-12,1047.0,-1214.0,-162.0,+,-,-,"(+,-,-)",Reinvestor
EICHERMOT,2016-03,1463.0,-1001.0,-466.0,+,-,-,"(+,-,-)",Reinvestor
EICHERMOT,2017-03,1708.0,-1744.0,25.0,+,-,+,"(+,-,+)",Shareholder Returns
EICHERMOT,2018-03,2482.0,-2145.0,-262.0,+,-,-,"(+,-,-)",Reinvestor
EICHERMOT,2019-03,1575.0,-660.0,-292.0,+,-,-,"(+,-,-)",Reinvestor
EICHERMOT,2020-03,1694.0,-1508.0,-858.0,+,-,-,"(+,-,-)",Reinvestor
EICHERMOT,2021-03,1691.0,-1625.0,-15.0,+,-,-,"(+,-,-)",Reinvestor
EICHERMOT,2022-03,1527.0,-983.0,-593.0,+,-,-,"(+,-,-)",Reinvestor
EICHERMOT,2023-03,2823.0,-2397.0,-417.0,+,-,-,"(+,-,-)",Reinvestor
EICHERMOT,2024-03,3724.0,-2834.0,-844.0,+,-,-,"(+,-,-)",Reinvestor
GAIL,2013-03,6603.0,-8626.0,3642.0,+,-,+,"(+,-,+)",Shareholder Returns
GAIL,2014-03,4615.0,-4466.0,-3.0,+,-,-,"(+,-,-)",Reinvestor
GAIL,2015-03,4214.0,-2809.0,-3058.0,+,-,-,"(+,-,-)",Reinvestor
GAIL,2016-03,3960.0,-904.0,-3028.0,+,-,-,"(+,-,-)",Reinvestor
GAIL,2017-03,6024.0,-334.0,-5275.0,+,-,-,"(+,-,-)",Reinvestor
GAIL,2018-03,8769.0,-2660.0,-5252.0,+,-,-,"(+,-,-)",Reinvestor
GAIL,2019-03,7984.0,-5701.0,-3364.0,+,-,-,"(+,-,-)",Reinvestor
GAIL,2020-03,8345.0,-8299.0,281.0,+,-,+,"(+,-,+)",Shareholder Returns
GAIL,2021-03,8993.0,-4640.0,-3471.0,+,-,-,"(+,-,-)",Reinvestor
GAIL,2022-03,9420.0,-5490.0,-3917.0,+,-,-,"(+,-,-)",Reinvestor
GAIL,2023-03,3205.0,-7453.0,2972.0,+,-,+,"(+,-,+)",Shareholder Returns
GAIL,2024-03,12586.0,-8226.0,-3457.0,+,-,-,"(+,-,-)",Reinvestor
GODREJCP,2013-03,820.0,-865.0,282.0,+,-,+,"(+,-,+)",Shareholder Returns
GODREJCP,2014-03,1116.0,-494.0,-620.0,+,-,-,"(+,-,-)",Reinvestor
GODREJCP,2015-03,1027.0,-1236.0,-12.0,+,-,-,"(+,-,-)",Reinvestor
GODREJCP,2016-03,847.0,-622.0,-202.0,+,-,-,"(+,-,-)",Reinvestor
GODREJCP,2017-03,1860.0,-2243.0,665.0,+,-,+,"(+,-,+)",Shareholder Returns
GODREJCP,2018-03,1723.0,-336.0,-1384.0,+,-,-,"(+,-,-)",Reinvestor
GODREJCP,2019-03,1729.0,274.0,-2039.0,+,+,-,"(+,+,-)",Liquidating Assets
GODREJCP,2020-03,1588.0,-552.0,-1295.0,+,-,-,"(+,-,-)",Reinvestor
GODREJCP,2021-03,2030.0,-292.0,-1816.0,+,-,-,"(+,-,-)",Reinvestor
GODREJCP,2022-03,1451.0,-844.0,-380.0,+,-,-,"(+,-,-)",Reinvestor
GODREJCP,2023-03,2151.0,-1754.0,-794.0,+,-,-,"(+,-,-)",Reinvestor
GODREJCP,2024-03,2070.0,-3435.0,1406.0,+,-,+,"(+,-,+)",Shareholder Returns
GRASIM,2013-03,4242.0,-5687.0,1348.0,+,-,+,"(+,-,+)",Shareholder Returns
GRASIM,2014-03,3549.0,-2336.0,-1046.0,+,-,-,"(+,-,-)",Reinvestor
GRASIM,2015-03,4594.0,-2359.0,-2278.0,+,-,-,"(+,-,-)",Reinvestor
GRASIM,2016-03,5868.0,-4515.0,-1365.0,+,-,-,"(+,-,-)",Reinvestor
GRASIM,2017-03,7288.0,-3509.0,-3799.0,+,-,-,"(+,-,-)",Reinvestor
GRASIM,2018-03,-4140.0,1546.0,3449.0,-,+,+,"(-,+,+)",Distress Signal
GRASIM,2019-03,-1659.0,-2212.0,4158.0,-,-,+,"(-,-,+)",Mixed
GRASIM,2020-03,16620.0,-11364.0,-3418.0,+,-,-,"(+,-,-)",Reinvestor
GRASIM,2021-03,15075.0,-7146.0,-8003.0,+,-,-,"(+,-,-)",Reinvestor
GRASIM,2022-03,7038.0,-1053.0,-6733.0,+,-,-,"(+,-,-)",Reinvestor
GRASIM,2023-03,-12685.0,-13712.0,26469.0,-,-,+,"(-,-,+)",Mixed
GRASIM,2024-03,-10719.0,-23114.0,33908.0,-,-,+,"(-,-,+)",Mixed
HAL,2017-03,-423.0,3021.0,-164.0,-,+,-,"(-,+,-)",Pre-Revenue Growth
HAL,2018-03,-734.0,594.0,-2540.0,-,+,-,"(-,+,-)",Pre-Revenue Growth
HAL,2019-03,-7694.0,5292.0,2321.0,-,+,+,"(-,+,+)",Distress Signal
HAL,2020-03,1537.0,-1334.0,64.0,+,-,+,"(+,-,+)",Shareholder Returns
HAL,2021-03,15124.0,-1190.0,-7070.0,+,-,-,"(+,-,-)",Reinvestor
HAL,2022-03,10180.0,-12789.0,-1464.0,+,-,-,"(+,-,-)",Reinvestor
HAL,2023-03,8836.0,-5734.0,-1731.0,+,-,-,"(+,-,-)",Reinvestor
HAL,2024-03,8226.0,-6412.0,-1999.0,+,-,-,"(+,-,-)",Reinvestor
HAVELLS,2013-03,638.0,-144.0,-252.0,+,-,-,"(+,-,-)",Reinvestor
HAVELLS,2014-03,868.0,-376.0,-310.0,+,-,-,"(+,-,-)",Reinvestor
HAVELLS,2015-03,963.0,-485.0,-754.0,+,-,-,"(+,-,-)",Reinvestor
HAVELLS,2016-03,513.0,-121.0,-621.0,+,-,-,"(+,-,-)",Reinvestor
HAVELLS,2017-03,767.0,-220.0,-98.0,+,-,-,"(+,-,-)",Reinvestor
HAVELLS,2018-03,1100.0,-946.0,-409.0,+,-,-,"(+,-,-)",Reinvestor
HAVELLS,2019-03,501.0,185.0,-318.0,+,+,-,"(+,+,-)",Liquidating Assets
HAVELLS,2020-03,827.0,-548.0,-716.0,+,-,-,"(+,-,-)",Reinvestor
HAVELLS,2021-03,660.0,-763.0,190.0,+,-,+,"(+,-,+)",Shareholder Returns
HAVELLS,2022-03,1728.0,-759.0,-547.0,+,-,-,"(+,-,-)",Reinvestor
HAVELLS,2023-03,565.0,31.0,-907.0,+,+,-,"(+,+,-)",Liquidating Assets
HAVELLS,2024-03,1953.0,-1618.0,-534.0,+,-,-,"(+,-,-)",Reinvestor
HCLTECH,2013-06,4492.0,-2361.0,-2086.0,+,-,-,"(+,-,-)",Reinvestor
HCLTECH,2014-06,6457.0,-4842.0,-1308.0,+,-,-,"(+,-,-)",Reinvestor
HCLTECH,2015-06,5539.0,-2088.0,-3140.0,+,-,-,"(+,-,-)",Reinvestor
HCLTECH,2016-03,3823.0,-2208.0,-2237.0,+,-,-,"(+,-,-)",Reinvestor
HCLTECH,2017-03,8995.0,-3890.0,-4517.0,+,-,-,"(+,-,-)",Reinvestor
HCLTECH,2018-03,8328.0,-2236.0,-5714.0,+,-,-,"(+,-,-)",Reinvestor
HCLTECH,2019-03,8971.0,-3256.0,-1471.0,+,-,-,"(+,-,-)",Reinvestor
HCLTECH,2020-03,13359.0,-12332.0,-3168.0,+,-,-,"(+,-,-)",Reinvestor
HCLTECH,2021-03,19618.0,-5665.0,-11192.0,+,-,-,"(+,-,-)",Reinvestor
HCLTECH,2022-03,16900.0,1597.0,-14508.0,+,+,-,"(+,+,-)",Liquidating Assets
HCLTECH,2023-03,18009.0,-3573.0,-15881.0,+,-,-,"(+,-,-)",Reinvestor
HCLTECH,2024-03,22448.0,-6608.0,-15464.0,+,-,-,"(+,-,-)",Reinvestor
HDFCBANK,2013-03,-5847.0,-902.0,13105.0,-,-,+,"(-,-,+)",Mixed
HDFCBANK,2014-03,4211.0,-1099.0,9270.0,+,-,+,"(+,-,+)",Shareholder Returns
HDFCBANK,2015-03,-21281.0,-800.0,18694.0,-,-,+,"(-,-,+)",Mixed
HDFCBANK,2016-03,-34435.0,-837.0,37815.0,-,-,+,"(-,-,+)",Mixed
HDFCBANK,2017-03,17282.0,-1146.0,-5893.0,+,-,-,"(+,-,-)",Reinvestor
HDFCBANK,2018-03,17214.0,-842.0,57378.0,+,-,+,"(+,-,+)",Shareholder Returns
HDFCBANK,2019-03,-62872.0,-1503.0,23131.0,-,-,+,"(-,-,+)",Mixed
HDFCBANK,2020-03,-16869.0,-1403.0,24394.0,-,-,+,"(-,-,+)",Mixed
HDFCBANK,2021-03,42476.0,-1823.0,-7321.0,+,-,-,"(+,-,-)",Reinvestor
HDFCBANK,2022-03,-11960.0,-2051.0,48124.0,-,-,+,"(-,-,+)",Mixed
HDFCBANK,2023-03,20814.0,-2992.0,23941.0,+,-,+,"(+,-,+)",Shareholder Returns
HDFCBANK,2024-03,19069.0,16600.0,-3983.0,+,+,-,"(+,+,-)",Liquidating Assets
HDFCLIFE,2013-03,,,,0,0,0,"(0,0,0)",Mixed
HDFCLIFE,2014-03,,,,0,0,0,"(0,0,0)",Mixed
HDFCLIFE,2015-03,4459.0,-3514.0,-168.0,+,-,-,"(+,-,-)",Reinvestor
HDFCLIFE,2016-03,5687.0,-3962.0,-212.0,+,-,-,"(+,-,-)",Reinvestor
HDFCLIFE,2017-03,6230.0,-5177.0,-236.0,+,-,-,"(+,-,-)",Reinvestor
HDFCLIFE,2018-03,6739.0,-4421.0,-196.0,+,-,-,"(+,-,-)",Reinvestor
HDFCLIFE,2019-03,9868.0,-10182.0,-337.0,+,-,-,"(+,-,-)",Reinvestor
HDFCLIFE,2020-03,7388.0,-7789.0,38.0,+,-,+,"(+,-,+)",Shareholder Returns
HDFCLIFE,2021-03,9703.0,-8952.0,678.0,+,-,+,"(+,-,+)",Shareholder Returns
HDFCLIFE,2022-03,5943.0,-801.0,-238.0,+,-,-,"(+,-,-)",Reinvestor
HDFCLIFE,2023-03,6883.0,-10071.0,1985.0,+,-,+,"(+,-,+)",Shareholder Returns
HDFCLIFE,2024-03,10721.0,-13614.0,-403.0,+,-,-,"(+,-,-)",Reinvestor
HEROMOTOCO,2014-03,2963.0,-1616.0,-1414.0,+,-,-,"(+,-,-)",Reinvestor
HEROMOTOCO,2015-03,2186.0,31.0,-2131.0,+,+,-,"(+,+,-)",Liquidating Assets
HEROMOTOCO,2016-03,3722.0,-2300.0,-1475.0,+,-,-,"(+,-,-)",Reinvestor
HEROMOTOCO,2017-03,4007.0,-1972.0,-2036.0,+,-,-,"(+,-,-)",Reinvestor
HEROMOTOCO,2018-03,4017.0,-1858.0,-2102.0,+,-,-,"(+,-,-)",Reinvestor
HEROMOTOCO,2019-03,1032.0,1298.0,-2252.0,+,+,-,"(+,+,-)",Liquidating Assets
HEROMOTOCO,2020-03,5518.0,-2819.0,-2602.0,+,-,-,"(+,-,-)",Reinvestor
HEROMOTOCO,2021-03,4110.0,-2289.0,-1852.0,+,-,-,"(+,-,-)",Reinvestor
HEROMOTOCO,2022-03,2104.0,-222.0,-1975.0,+,-,-,"(+,-,-)",Reinvestor
HEROMOTOCO,2023-03,2614.0,-421.0,-2147.0,+,-,-,"(+,-,-)",Reinvestor
HEROMOTOCO,2024-03,4923.0,-1828.0,-2717.0,+,-,-,"(+,-,-)",Reinvestor
HINDALCO,2013-03,2977.0,-13801.0,10278.0,+,-,+,"(+,-,+)",Shareholder Returns
HINDALCO,2014-03,7956.0,-8095.0,1493.0,+,-,+,"(+,-,+)",Shareholder Returns
HINDALCO,2015-03,7143.0,-3873.0,-2437.0,+,-,-,"(+,-,-)",Reinvestor
HINDALCO,2016-03,11688.0,-3220.0,-8862.0,+,-,-,"(+,-,-)",Reinvestor
HINDALCO,2017-03,12687.0,-2876.0,-5552.0,+,-,-,"(+,-,-)",Reinvestor
HINDALCO,2018-03,10898.0,5333.0,-16412.0,+,+,-,"(+,+,-)",Liquidating Assets
HINDALCO,2019-03,11977.0,-5456.0,-5466.0,+,-,-,"(+,-,-)",Reinvestor
HINDALCO,2020-03,12745.0,-7227.0,6656.0,+,-,+,"(+,-,+)",Shareholder Returns
HINDALCO,2021-03,17232.0,-25280.0,-4882.0,+,-,-,"(+,-,-)",Reinvestor
HINDALCO,2022-03,16838.0,-6773.0,-6765.0,+,-,-,"(+,-,-)",Reinvestor
HINDALCO,2023-03,19208.0,-7559.0,-10450.0,+,-,-,"(+,-,-)",Reinvestor
HINDALCO,2024-03,24056.0,-14267.0,-10817.0,+,-,-,"(+,-,-)",Reinvestor
HINDUNILVR,2013-03,3605.0,63.0,-4147.0,+,+,-,"(+,+,-)",Liquidating Assets
HINDUNILVR,2014-03,3818.0,-475.0,-2960.0,+,-,-,"(+,-,-)",Reinvestor
HINDUNILVR,2015-03,3292.0,138.0,-3462.0,+,+,-,"(+,+,-)",Liquidating Assets
HINDUNILVR,2016-03,4171.0,-282.0,-3864.0,+,-,-,"(+,-,-)",Reinvestor
HINDUNILVR,2017-03,5185.0,-1173.0,-4214.0,+,-,-,"(+,-,-)",Reinvestor
HINDUNILVR,2018-03,6059.0,-1063.0,-4975.0,+,-,-,"(+,-,-)",Reinvestor
HINDUNILVR,2019-03,5800.0,-438.0,-5390.0,+,-,-,"(+,-,-)",Reinvestor
HINDUNILVR,2020-03,7623.0,1791.0,-6819.0,+,+,-,"(+,+,-)",Liquidating Assets
HINDUNILVR,2021-03,9163.0,-1228.0,-9309.0,+,-,-,"(+,-,-)",Reinvestor
HINDUNILVR,2022-03,9048.0,-1728.0,-8015.0,+,-,-,"(+,-,-)",Reinvestor
HINDUNILVR,2023-03,9991.0,-1484.0,-8953.0,+,-,-,"(+,-,-)",Reinvestor
HINDUNILVR,2024-03,15469.0,-5324.0,-10034.0,+,-,-,"(+,-,-)",Reinvestor
ICICIBANK,2013-03,17494.0,-18563.0,9283.0,+,-,+,"(+,-,+)",Shareholder Returns
ICICIBANK,2014-03,6765.0,-15750.0,7872.0,+,-,+,"(+,-,+)",Shareholder Returns
ICICIBANK,2015-03,-12273.0,-13175.0,24827.0,-,-,+,"(-,-,+)",Mixed
ICICIBANK,2016-03,23645.0,-12060.0,5814.0,+,-,+,"(+,-,+)",Shareholder Returns
ICICIBANK,2017-03,52636.0,-1711.0,-35470.0,+,-,-,"(+,-,-)",Reinvestor
ICICIBANK,2018-03,19383.0,-50551.0,39676.0,+,-,+,"(+,-,+)",Shareholder Returns
ICICIBANK,2019-03,48671.0,-30282.0,-19997.0,+,-,-,"(+,-,-)",Reinvestor
ICICIBANK,2020-03,79565.0,-42095.0,2992.0,+,-,+,"(+,-,+)",Shareholder Returns
ICICIBANK,2021-03,138015.0,-63631.0,-54667.0,+,-,-,"(+,-,-)",Reinvestor
ICICIBANK,2022-03,58111.0,-39448.0,17451.0,+,-,+,"(+,-,+)",Shareholder Returns
ICICIBANK,2023-03,-3771.0,-67689.0,24791.0,-,-,+,"(-,-,+)",Mixed
ICICIBANK,2024-03,157284.0,-144737.0,13765.0,+,-,+,"(+,-,+)",Shareholder Returns
ICICIGI,2013-03,984.0,-962.0,102.0,+,-,+,"(+,-,+)",Shareholder Returns
ICICIGI,2014-03,595.0,-706.0,4.0,+,-,+,"(+,-,+)",Shareholder Returns
ICICIGI,2015-03,-98.0,171.0,-93.0,-,+,-,"(-,+,-)",Pre-Revenue Growth
ICICIGI,2016-03,511.0,-310.0,-148.0,+,-,-,"(+,-,-)",Reinvestor
ICICIGI,2017-03,1628.0,-1990.0,361.0,+,-,+,"(+,-,+)",Shareholder Returns
ICICIGI,2018-03,2390.0,-1896.0,-96.0,+,-,-,"(+,-,-)",Reinvestor
ICICIGI,2019-03,2976.0,-2856.0,-310.0,+,-,-,"(+,-,-)",Reinvestor
ICICIGI,2020-03,3433.0,-3382.0,-420.0,+,-,-,"(+,-,-)",Reinvestor
ICICIGI,2021-03,1774.0,-1367.0,-212.0,+,-,-,"(+,-,-)",Reinvestor
ICICIGI,2022-03,809.0,135.0,-879.0,+,+,-,"(+,+,-)",Liquidating Assets
ICICIGI,2023-03,2290.0,-1685.0,-695.0,+,-,-,"(+,-,-)",Reinvestor
ICICIGI,2024-03,2407.0,-1921.0,-355.0,+,-,-,"(+,-,-)",Reinvestor
ICICIPRULI,2013-03,-2641.0,1564.0,-514.0,-,+,-,"(-,+,-)",Pre-Revenue Growth
ICICIPRULI,2014-03,-2382.0,6012.0,-1091.0,-,+,-,"(-,+,-)",Pre-Revenue Growth
ICICIPRULI,2015-03,523.0,-1822.0,-966.0,+,-,-,"(+,-,-)",Reinvestor
ICICIPRULI,2016-03,3634.0,27.0,-1442.0,+,+,-,"(+,+,-)",Liquidating Assets
ICICIPRULI,2017-03,4130.0,-696.0,-994.0,+,-,-,"(+,-,-)",Reinvestor
ICICIPRULI,2018-03,5690.0,-5389.0,-1188.0,+,-,-,"(+,-,-)",Reinvestor
ICICIPRULI,2019-03,11377.0,-7559.0,-843.0,+,-,-,"(+,-,-)",Reinvestor
ICICIPRULI,2020-03,8596.0,-10797.0,-405.0,+,-,-,"(+,-,-)",Reinvestor
ICICIPRULI,2021-03,7314.0,-5084.0,1205.0,+,-,+,"(+,-,+)",Shareholder Returns
ICICIPRULI,2022-03,1831.0,-816.0,-319.0,+,-,-,"(+,-,-)",Reinvestor
ICICIPRULI,2023-03,89.0,-1145.0,-112.0,+,-,-,"(+,-,-)",Reinvestor
ICICIPRULI,2024-03,-7315.0,7420.0,-88.0,-,+,-,"(-,+,-)",Pre-Revenue Growth
INDIGO,2013-03,1741.0,-1890.0,36.0,+,-,+,"(+,-,+)",Shareholder Returns
INDIGO,2014-03,1595.0,-2914.0,1285.0,+,-,+,"(+,-,+)",Shareholder Returns
INDIGO,2015-03,2384.0,-940.0,-1308.0,+,-,-,"(+,-,-)",Reinvestor
INDIGO,2016-03,3116.0,-1337.0,-1220.0,+,-,-,"(+,-,-)",Reinvestor
INDIGO,2017-03,3782.0,-3033.0,-1401.0,+,-,-,"(+,-,-)",Reinvestor
INDIGO,2018-03,3903.0,-4152.0,766.0,+,-,+,"(+,-,+)",Shareholder Returns
INDIGO,2019-03,3160.0,-2526.0,-592.0,+,-,-,"(+,-,-)",Reinvestor
INDIGO,2020-03,6943.0,-4573.0,-2407.0,+,-,-,"(+,-,-)",Reinvestor
INDIGO,2021-03,-1620.0,3228.0,-1775.0,-,+,-,"(-,+,-)",Pre-Revenue Growth
INDIGO,2022-03,2064.0,1527.0,-3088.0,+,+,-,"(+,+,-)",Liquidating Assets
INDIGO,2023-03,12703.0,-4039.0,-8432.0,+,-,-,"(+,-,-)",Reinvestor
INDIGO,2024-03,21183.0,-11759.0,-9979.0,+,-,-,"(+,-,-)",Reinvestor
INDUSINDBK,2013-03,-486.0,-174.0,1969.0,-,-,+,"(-,-,+)",Mixed
INDUSINDBK,2014-03,-4106.0,-174.0,4200.0,-,-,+,"(-,-,+)",Mixed
INDUSINDBK,2015-03,-1421.0,-276.0,5707.0,-,-,+,"(-,-,+)",Mixed
INDUSINDBK,2016-03,-2927.0,-258.0,2517.0,-,-,+,"(-,-,+)",Mixed
INDUSINDBK,2017-03,11569.0,-285.0,-2768.0,+,-,-,"(+,-,-)",Reinvestor
INDUSINDBK,2018-03,-20700.0,-217.0,15505.0,-,-,+,"(-,-,+)",Mixed
INDUSINDBK,2019-03,-6389.0,-633.0,8590.0,-,-,+,"(-,-,+)",Mixed
INDUSINDBK,2020-03,-12039.0,526.0,12733.0,-,+,+,"(-,+,+)",Distress Signal
INDUSINDBK,2021-03,44646.0,-226.0,-4096.0,+,-,-,"(+,-,-)",Reinvestor
INDUSINDBK,2022-03,16600.0,-351.0,-4302.0,+,-,-,"(+,-,-)",Reinvestor
INDUSINDBK,2023-03,-12438.0,-441.0,1115.0,-,-,+,"(-,-,+)",Mixed
INDUSINDBK,2024-03,-16843.0,-625.0,-2242.0,-,-,-,"(-,-,-)",Mixed
INFY,2013-03,7373.0,-2922.0,-3210.0,+,-,-,"(+,-,-)",Reinvestor
INFY,2014-03,9825.0,-2563.0,-3144.0,+,-,-,"(+,-,-)",Reinvestor
INFY,2015-03,8353.0,999.0,-4935.0,+,+,-,"(+,+,-)",Liquidating Assets
INFY,2016-03,10028.0,-885.0,-6813.0,+,-,-,"(+,-,-)",Reinvestor
INFY,2017-03,11531.0,-14664.0,-6939.0,+,-,-,"(+,-,-)",Reinvestor
INFY,2018-03,13218.0,4533.0,-20505.0,+,+,-,"(+,+,-)",Liquidating Assets
INFY,2019-03,14841.0,-632.0,-14512.0,+,-,-,"(+,-,-)",Reinvestor
INFY,2020-03,17003.0,-331.0,-17591.0,+,-,-,"(+,-,-)",Reinvestor
INFY,2021-03,23224.0,-7373.0,-9786.0,+,-,-,"(+,-,-)",Reinvestor
INFY,2022-03,23885.0,-6485.0,-24642.0,+,-,-,"(+,-,-)",Reinvestor
INFY,2023-03,22467.0,-1071.0,-26695.0,+,-,-,"(+,-,-)",Reinvestor
INFY,2024-03,25210.0,-5093.0,-17504.0,+,-,-,"(+,-,-)",Reinvestor
IOC,2013-03,9340.0,-9294.0,352.0,+,-,+,"(+,-,+)",Shareholder Returns
IOC,2014-03,24195.0,-18594.0,-3116.0,+,-,-,"(+,-,-)",Reinvestor
IOC,2015-03,46092.0,-10215.0,-38283.0,+,-,-,"(+,-,-)",Reinvestor
IOC,2016-03,25624.0,-13610.0,-11890.0,+,-,-,"(+,-,-)",Reinvestor
IOC,2017-03,28216.0,-17684.0,-10937.0,+,-,-,"(+,-,-)",Reinvestor
IOC,2018-03,29115.0,-17119.0,-12007.0,+,-,-,"(+,-,-)",Reinvestor
IOC,2019-03,12747.0,-22569.0,10436.0,+,-,+,"(+,-,+)",Shareholder Returns
IOC,2020-03,7146.0,-29101.0,22456.0,+,-,+,"(+,-,+)",Shareholder Returns
IOC,2021-03,49650.0,-22935.0,-27369.0,+,-,-,"(+,-,-)",Reinvestor
IOC,2022-03,25747.0,-21294.0,-4058.0,+,-,-,"(+,-,-)",Reinvestor
IOC,2023-03,29644.0,-28030.0,-1794.0,+,-,-,"(+,-,-)",Reinvestor
IOC,2024-03,71099.0,-31464.0,-39385.0,+,-,-,"(+,-,-)",Reinvestor
IRCTC,2015-03,69.0,-46.0,-17.0,+,-,-,"(+,-,-)",Reinvestor
IRCTC,2016-03,288.0,7.0,-31.0,+,+,-,"(+,+,-)",Liquidating Assets
IRCTC,2017-03,338.0,94.0,-136.0,+,+,-,"(+,+,-)",Liquidating Assets
IRCTC,2018-03,24.0,40.0,-57.0,+,+,-,"(+,+,-)",Liquidating Assets
IRCTC,2019-03,499.0,-353.0,-179.0,+,-,-,"(+,-,-)",Reinvestor
IRCTC,2020-03,409.0,8.0,-280.0,+,+,-,"(+,+,-)",Liquidating Assets
IRCTC,2021-03,248.0,-453.0,-47.0,+,-,-,"(+,-,-)",Reinvestor
IRCTC,2022-03,524.0,-242.0,-258.0,+,-,-,"(+,-,-)",Reinvestor
IRCTC,2023-03,812.0,-317.0,-434.0,+,-,-,"(+,-,-)",Reinvestor
IRCTC,2024-03,882.0,-215.0,-404.0,+,-,-,"(+,-,-)",Reinvestor
IRFC,2016-03,-16378.0,2.0,17582.0,-,+,+,"(-,+,+)",Distress Signal
IRFC,2017-03,-19455.0,2.0,18250.0,-,+,+,"(-,+,+)",Distress Signal
IRFC,2018-03,-28076.0,2.0,28075.0,-,+,+,"(-,+,+)",Distress Signal
IRFC,2019-03,-41748.0,1.0,41749.0,-,+,+,"(-,+,+)",Distress Signal
IRFC,2020-03,-62701.0,1.0,62697.0,-,+,+,"(-,+,+)",Distress Signal
IRFC,2021-03,-89907.0,0.0,90202.0,-,0,+,"(-,0,+)",Mixed / Unclassified
IRFC,2022-03,-64412.0,-5.0,64266.0,-,-,+,"(-,-,+)",Mixed
IRFC,2023-03,-28588.0,0.0,28644.0,-,0,+,"(-,0,+)",Mixed / Unclassified
IRFC,2024-03,7914.0,-8.0,-8046.0,+,-,-,"(+,-,-)",Reinvestor
ITC,2013-03,7102.0,-3881.0,-3310.0,+,-,-,"(+,-,-)",Reinvestor
ITC,2014-03,7344.0,-3254.0,-4122.0,+,-,-,"(+,-,-)",Reinvestor
ITC,2015-03,9843.0,-5275.0,-4661.0,+,-,-,"(+,-,-)",Reinvestor
ITC,2016-03,9799.0,-3921.0,-5613.0,+,-,-,"(+,-,-)",Reinvestor
ITC,2017-03,10627.0,-3251.0,-7301.0,+,-,-,"(+,-,-)",Reinvestor
ITC,2018-03,13169.0,-7114.0,-6221.0,+,-,-,"(+,-,-)",Reinvestor
ITC,2019-03,12583.0,-5546.0,-6869.0,+,-,-,"(+,-,-)",Reinvestor
ITC,2020-03,14690.0,-6174.0,-8181.0,+,-,-,"(+,-,-)",Reinvestor
ITC,2021-03,12527.0,5740.0,-18634.0,+,+,-,"(+,+,-)",Liquidating Assets
ITC,2022-03,15776.0,-2238.0,-13580.0,+,-,-,"(+,-,-)",Reinvestor
ITC,2023-03,18878.0,-5732.0,-13006.0,+,-,-,"(+,-,-)",Reinvestor
ITC,2024-03,17179.0,1563.0,-18551.0,+,+,-,"(+,+,-)",Liquidating Assets
JINDALSTEL,2013-03,3522.0,-9591.0,6111.0,+,-,+,"(+,-,+)",Shareholder Returns
JINDALSTEL,2014-03,4580.0,-12694.0,8879.0,+,-,+,"(+,-,+)",Shareholder Returns
JINDALSTEL,2015-03,1182.0,-6717.0,5708.0,+,-,+,"(+,-,+)",Shareholder Returns
JINDALSTEL,2016-03,4333.0,-2262.0,-2672.0,+,-,-,"(+,-,-)",Reinvestor
JINDALSTEL,2017-03,6850.0,-1998.0,-5108.0,+,-,-,"(+,-,-)",Reinvestor
JINDALSTEL,2018-03,7724.0,-1431.0,-6276.0,+,-,-,"(+,-,-)",Reinvestor
JINDALSTEL,2019-03,9027.0,-832.0,-8261.0,+,-,-,"(+,-,-)",Reinvestor
JINDALSTEL,2020-03,8814.0,-1476.0,-7016.0,+,-,-,"(+,-,-)",Reinvestor
JINDALSTEL,2021-03,11961.0,-1884.0,-4612.0,+,-,-,"(+,-,-)",Reinvestor
JINDALSTEL,2022-03,16048.0,-2331.0,-15120.0,+,-,-,"(+,-,-)",Reinvestor
JINDALSTEL,2023-03,7347.0,-4090.0,-2500.0,+,-,-,"(+,-,-)",Reinvestor
JINDALSTEL,2024-03,6008.0,-8344.0,1381.0,+,-,+,"(+,-,+)",Shareholder Returns
JIOFIN,2023-03,2055.0,-1110.0,-889.0,+,-,-,"(+,-,-)",Reinvestor
JIOFIN,2024-03,-678.0,1441.0,-753.0,-,+,-,"(-,+,-)",Pre-Revenue Growth
JSWENERGY,2013-03,1725.0,-944.0,-684.0,+,-,-,"(+,-,-)",Reinvestor
JSWENERGY,2014-03,2269.0,-363.0,-1859.0,+,-,-,"(+,-,-)",Reinvestor
JSWENERGY,2015-03,3394.0,-422.0,-2327.0,+,-,-,"(+,-,-)",Reinvestor
JSWENERGY,2016-03,3538.0,-3272.0,-1622.0,+,-,-,"(+,-,-)",Reinvestor
JSWENERGY,2017-03,3853.0,-762.0,-2595.0,+,-,-,"(+,-,-)",Reinvestor
JSWENERGY,2018-03,3934.0,-215.0,-3968.0,+,-,-,"(+,-,-)",Reinvestor
JSWENERGY,2019-03,2491.0,-55.0,-2523.0,+,-,-,"(+,-,-)",Reinvestor
JSWENERGY,2020-03,2082.0,301.0,-1962.0,+,+,-,"(+,+,-)",Liquidating Assets
JSWENERGY,2021-03,3700.0,-1030.0,-2515.0,+,-,-,"(+,-,-)",Reinvestor
JSWENERGY,2022-03,2952.0,-1387.0,-781.0,+,-,-,"(+,-,-)",Reinvestor
JSWENERGY,2023-03,2084.0,-6778.0,7327.0,+,-,+,"(+,-,+)",Shareholder Returns
JSWENERGY,2024-03,6234.0,-8197.0,1675.0,+,-,+,"(+,-,+)",Shareholder Returns
JSWSTEEL,2013-03,5844.0,-5433.0,-791.0,+,-,-,"(+,-,-)",Reinvestor
JSWSTEEL,2014-03,2594.0,-5618.0,3300.0,+,-,+,"(+,-,+)",Shareholder Returns
JSWSTEEL,2015-03,7876.0,-7372.0,-169.0,+,-,-,"(+,-,-)",Reinvestor
JSWSTEEL,2016-03,6897.0,-3857.0,-3151.0,+,-,-,"(+,-,-)",Reinvestor
JSWSTEEL,2017-03,7888.0,-5094.0,-2710.0,+,-,-,"(+,-,-)",Reinvestor
JSWSTEEL,2018-03,12379.0,-4529.0,-8185.0,+,-,-,"(+,-,-)",Reinvestor
JSWSTEEL,2019-03,14633.0,-11387.0,1753.0,+,-,+,"(+,-,+)",Shareholder Returns
JSWSTEEL,2020-03,12785.0,-19589.0,5189.0,+,-,+,"(+,-,+)",Shareholder Returns
JSWSTEEL,2021-03,18789.0,-7702.0,-3110.0,+,-,-,"(+,-,-)",Reinvestor
JSWSTEEL,2022-03,26270.0,-14748.0,-14657.0,+,-,-,"(+,-,-)",Reinvestor
JSWSTEEL,2023-03,23323.0,-10730.0,-5977.0,+,-,-,"(+,-,-)",Reinvestor
JSWSTEEL,2024-03,12078.0,-14467.0,-5005.0,+,-,-,"(+,-,-)",Reinvestor
KOTAKBANK,2013-03,2878.0,-9035.0,7099.0,+,-,+,"(+,-,+)",Shareholder Returns
KOTAKBANK,2014-03,9068.0,-1130.0,-5814.0,+,-,-,"(+,-,-)",Reinvestor
KOTAKBANK,2015-03,2302.0,-4467.0,2426.0,+,-,+,"(+,-,+)",Shareholder Returns
KOTAKBANK,2016-03,5025.0,-2353.0,2024.0,+,-,+,"(+,-,+)",Shareholder Returns
KOTAKBANK,2017-03,13222.0,-5289.0,6055.0,+,-,+,"(+,-,+)",Shareholder Returns
KOTAKBANK,2018-03,-10392.0,-5475.0,14679.0,-,-,+,"(-,-,+)",Mixed
KOTAKBANK,2019-03,1822.0,-3323.0,8365.0,+,-,+,"(+,-,+)",Shareholder Returns
KOTAKBANK,2020-03,46619.0,-13068.0,-735.0,+,-,-,"(+,-,-)",Reinvestor
KOTAKBANK,2021-03,4881.0,-11172.0,-10072.0,+,-,-,"(+,-,-)",Reinvestor
KOTAKBANK,2022-03,8308.0,-10903.0,7543.0,+,-,+,"(+,-,+)",Shareholder Returns
KOTAKBANK,2023-03,-1242.0,-10381.0,1883.0,-,-,+,"(-,-,+)",Mixed
KOTAKBANK,2024-03,15685.0,-8919.0,15515.0,+,-,+,"(+,-,+)",Shareholder Returns
LICI,2019-03,13274.0,9636.0,-13700.0,+,+,-,"(+,+,-)",Liquidating Assets
LICI,2020-03,54367.0,-40415.0,-18664.0,+,-,-,"(+,-,-)",Reinvestor
LICI,2021-03,80602.0,148447.0,-256125.0,+,+,-,"(+,+,-)",Liquidating Assets
LICI,2022-03,-3783.0,12531.0,0.0,-,+,0,"(-,+,0)",Mixed / Unclassified
LICI,2023-03,54519.0,-52848.0,-949.0,+,-,-,"(+,-,-)",Reinvestor
LICI,2024-03,26122.0,-25269.0,-4427.0,+,-,-,"(+,-,-)",Reinvestor
LODHA,2016-03,387.0,-854.0,330.0,+,-,+,"(+,-,+)",Shareholder Returns
LODHA,2017-03,1469.0,-1174.0,-312.0,+,-,-,"(+,-,-)",Reinvestor
LODHA,2018-03,696.0,-651.0,24.0,+,-,+,"(+,-,+)",Shareholder Returns
LODHA,2019-03,-463.0,-175.0,736.0,-,-,+,"(-,-,+)",Mixed
LODHA,2020-03,3772.0,182.0,-4188.0,+,+,-,"(+,+,-)",Liquidating Assets
LODHA,2021-03,2524.0,420.0,-2835.0,+,+,-,"(+,+,-)",Liquidating Assets
LODHA,2022-03,1998.0,1139.0,-2888.0,+,+,-,"(+,+,-)",Liquidating Assets
LODHA,2023-03,2750.0,1789.0,-3706.0,+,+,-,"(+,+,-)",Liquidating Assets
LODHA,2024-03,2512.0,-2947.0,951.0,+,-,+,"(+,-,+)",Shareholder Returns
LT,2013-03,-4355.0,-6922.0,11429.0,-,-,+,"(-,-,+)",Mixed
LT,2014-03,-7143.0,-5510.0,13136.0,-,-,+,"(-,-,+)",Mixed
LT,2015-03,-1365.0,-4778.0,7903.0,-,-,+,"(-,-,+)",Mixed
LT,2016-03,-3240.0,-4627.0,7253.0,-,-,+,"(-,-,+)",Mixed
LT,2017-03,6655.0,-9796.0,2896.0,+,-,+,"(+,-,+)",Shareholder Returns
LT,2018-03,-10031.0,3914.0,9370.0,-,+,+,"(-,+,+)",Distress Signal
LT,2019-03,-4756.0,-11023.0,15440.0,-,-,+,"(-,-,+)",Mixed
LT,2020-03,6694.0,-8408.0,6372.0,+,-,+,"(+,-,+)",Shareholder Returns
LT,2021-03,23074.0,-5750.0,-15274.0,+,-,-,"(+,-,-)",Reinvestor
LT,2022-03,19164.0,-3585.0,-15181.0,+,-,-,"(+,-,-)",Reinvestor
LT,2023-03,22777.0,-8048.0,-11572.0,+,-,-,"(+,-,-)",Reinvestor
LT,2024-03,18266.0,2179.0,-25413.0,+,+,-,"(+,+,-)",Liquidating Assets
LTIM,2013-03,608.0,-224.0,-396.0,+,-,-,"(+,-,-)",Reinvestor
LTIM,2014-03,628.0,180.0,-769.0,+,+,-,"(+,+,-)",Liquidating Assets
LTIM,2015-03,642.0,-103.0,-497.0,+,-,-,"(+,-,-)",Reinvestor
LTIM,2016-03,858.0,-40.0,-817.0,+,-,-,"(+,-,-)",Reinvestor
LTIM,2017-03,1170.0,-961.0,-33.0,+,-,-,"(+,-,-)",Reinvestor
LTIM,2018-03,844.0,-452.0,-408.0,+,-,-,"(+,-,-)",Reinvestor
LTIM,2019-03,1395.0,-749.0,-594.0,+,-,-,"(+,-,-)",Reinvestor
LTIM,2020-03,1644.0,-643.0,-890.0,+,-,-,"(+,-,-)",Reinvestor
LTIM,2021-03,2400.0,-1657.0,-509.0,+,-,-,"(+,-,-)",Reinvestor
LTIM,2022-03,3251.0,-1643.0,-1680.0,+,-,-,"(+,-,-)",Reinvestor
LTIM,2023-03,3095.0,-271.0,-1932.0,+,-,-,"(+,-,-)",Reinvestor
LTIM,2024-03,5670.0,-3918.0,-2269.0,+,-,-,"(+,-,-)",Reinvestor
M&M,2013-03,-922.0,-2903.0,4508.0,-,-,+,"(-,-,+)",Mixed
M&M,2014-03,-244.0,-4524.0,5577.0,-,-,+,"(-,-,+)",Mixed
M&M,2015-03,1055.0,-4357.0,1669.0,+,-,+,"(+,-,+)",Shareholder Returns
M&M,2016-03,2385.0,-5506.0,2967.0,+,-,+,"(+,-,+)",Shareholder Returns
M&M,2017-03,183.0,-5875.0,6108.0,+,-,+,"(+,-,+)",Shareholder Returns
M&M,2018-03,682.0,-5467.0,6314.0,+,-,+,"(+,-,+)",Shareholder Returns
M&M,2019-03,-4347.0,-7174.0,13194.0,-,-,+,"(-,-,+)",Mixed
M&M,2020-03,-1457.0,-6870.0,6933.0,-,-,+,"(-,-,+)",Mixed
M&M,2021-03,17909.0,-19686.0,406.0,+,-,+,"(+,-,+)",Shareholder Returns
M&M,2022-03,9248.0,-3252.0,-5883.0,+,-,-,"(+,-,-)",Reinvestor
M&M,2023-03,-7074.0,-8866.0,15946.0,-,-,+,"(-,-,+)",Mixed
M&M,2024-03,-5630.0,-5615.0,12281.0,-,-,+,"(-,-,+)",Mixed
MARUTI,2013-03,4059.0,-3119.0,-979.0,+,-,-,"(+,-,-)",Reinvestor
MARUTI,2014-03,4995.0,-4997.0,-74.0,+,-,-,"(+,-,-)",Reinvestor
MARUTI,2015-03,6449.0,-4491.0,-2004.0,+,-,-,"(+,-,-)",Reinvestor
MARUTI,2016-03,8482.0,-7230.0,-1237.0,+,-,-,"(+,-,-)",Reinvestor
MARUTI,2017-03,10282.0,-9173.0,-1129.0,+,-,-,"(+,-,-)",Reinvestor
MARUTI,2018-03,11788.0,-8302.0,-3436.0,+,-,-,"(+,-,-)",Reinvestor
MARUTI,2019-03,6601.0,-3540.0,-2948.0,+,-,-,"(+,-,-)",Reinvestor
MARUTI,2020-03,3496.0,-557.0,-3104.0,+,-,-,"(+,-,-)",Reinvestor
MARUTI,2021-03,8856.0,-7291.0,-1545.0,+,-,-,"(+,-,-)",Reinvestor
MARUTI,2022-03,1840.0,-239.0,-1607.0,+,-,-,"(+,-,-)",Reinvestor
MARUTI,2023-03,10815.0,-8820.0,-1214.0,+,-,-,"(+,-,-)",Reinvestor
MARUTI,2024-03,16801.0,-11865.0,-4062.0,+,-,-,"(+,-,-)",Reinvestor
MOTHERSON,2013-03,1486.0,-1089.0,-256.0,+,-,-,"(+,-,-)",Reinvestor
MOTHERSON,2014-03,2695.0,-1372.0,-1080.0,+,-,-,"(+,-,-)",Reinvestor
MOTHERSON,2015-03,3390.0,-2844.0,494.0,+,-,+,"(+,-,+)",Shareholder Returns
MOTHERSON,2016-03,2188.0,-1906.0,-263.0,+,-,-,"(+,-,-)",Reinvestor
MOTHERSON,2017-03,3800.0,-6145.0,5518.0,+,-,+,"(+,-,+)",Shareholder Returns
MOTHERSON,2018-03,3264.0,-3194.0,-2221.0,+,-,-,"(+,-,-)",Reinvestor
MOTHERSON,2019-03,4312.0,-3318.0,-225.0,+,-,-,"(+,-,-)",Reinvestor
MOTHERSON,2020-03,6352.0,-2220.0,-2803.0,+,-,-,"(+,-,-)",Reinvestor
MOTHERSON,2021-03,5051.0,-1886.0,-2098.0,+,-,-,"(+,-,-)",Reinvestor
MOTHERSON,2022-03,2463.0,-2304.0,-1217.0,+,-,-,"(+,-,-)",Reinvestor
MOTHERSON,2023-03,4643.0,-2248.0,-2734.0,+,-,-,"(+,-,-)",Reinvestor
MOTHERSON,2024-03,7569.0,-6644.0,1281.0,+,-,+,"(+,-,+)",Shareholder Returns
NAUKRI,2013-03,75.0,-46.0,-12.0,+,-,-,"(+,-,-)",Reinvestor
NAUKRI,2014-03,81.0,-204.0,130.0,+,-,+,"(+,-,+)",Shareholder Returns
NAUKRI,2015-03,51.0,-1051.0,1025.0,+,-,+,"(+,-,+)",Shareholder Returns
NAUKRI,2016-03,78.0,-2.0,-66.0,+,-,-,"(+,-,-)",Reinvestor
NAUKRI,2017-03,213.0,-165.0,-42.0,+,-,-,"(+,-,-)",Reinvestor
NAUKRI,2018-03,253.0,-149.0,-75.0,+,-,-,"(+,-,-)",Reinvestor
NAUKRI,2019-03,276.0,-59.0,-78.0,+,-,-,"(+,-,-)",Reinvestor
NAUKRI,2020-03,350.0,97.0,-143.0,+,+,-,"(+,+,-)",Liquidating Assets
NAUKRI,2021-03,276.0,-2043.0,1880.0,+,-,+,"(+,-,+)",Shareholder Returns
NAUKRI,2022-03,707.0,-1177.0,35.0,+,-,+,"(+,-,+)",Shareholder Returns
NAUKRI,2023-03,512.0,-358.0,2.0,+,-,+,"(+,-,+)",Shareholder Returns
NAUKRI,2024-03,702.0,-852.0,120.0,+,-,+,"(+,-,+)",Shareholder Returns
NESTLEIND,2013-12,1796.0,-441.0,-580.0,+,-,-,"(+,-,-)",Reinvestor
NESTLEIND,2014-12,1644.0,-432.0,-1635.0,+,-,-,"(+,-,-)",Reinvestor
NESTLEIND,2015-12,1098.0,-70.0,-498.0,+,-,-,"(+,-,-)",Reinvestor
NESTLEIND,2016-12,1466.0,-126.0,-666.0,+,-,-,"(+,-,-)",Reinvestor
NESTLEIND,2017-12,1818.0,-131.0,-997.0,+,-,-,"(+,-,-)",Reinvestor
NESTLEIND,2018-12,2052.0,-52.0,-1317.0,+,-,-,"(+,-,-)",Reinvestor
NESTLEIND,2019-12,2295.0,83.0,-3602.0,+,+,-,"(+,+,-)",Liquidating Assets
NESTLEIND,2020-12,2454.0,-321.0,-1956.0,+,-,-,"(+,-,-)",Reinvestor
NESTLEIND,2021-12,2236.0,-1920.0,-2020.0,+,-,-,"(+,-,-)",Reinvestor
NESTLEIND,2022-12,2737.0,-392.0,-2123.0,+,-,-,"(+,-,-)",Reinvestor
NESTLEIND,2023-12,3392.0,-927.0,-2436.0,+,-,-,"(+,-,-)",Reinvestor
NESTLEIND,2024-03,4175.0,-1237.0,-3135.0,+,-,-,"(+,-,-)",Reinvestor
NHPC,2013-03,2846.0,-1330.0,-1344.0,+,-,-,"(+,-,-)",Reinvestor
NHPC,2014-03,3824.0,-1122.0,-4536.0,+,-,-,"(+,-,-)",Reinvestor
NHPC,2015-03,4061.0,-768.0,-2494.0,+,-,-,"(+,-,-)",Reinvestor
NHPC,2016-03,5971.0,-746.0,-4000.0,+,-,-,"(+,-,-)",Reinvestor
NHPC,2017-03,8329.0,-1864.0,-7812.0,+,-,-,"(+,-,-)",Reinvestor
NHPC,2018-03,4696.0,-886.0,-3863.0,+,-,-,"(+,-,-)",Reinvestor
NHPC,2019-03,3824.0,-1182.0,-2637.0,+,-,-,"(+,-,-)",Reinvestor
NHPC,2020-03,2993.0,-2987.0,12.0,+,-,+,"(+,-,+)",Shareholder Returns
NHPC,2021-03,5070.0,-1607.0,-3058.0,+,-,-,"(+,-,-)",Reinvestor
NHPC,2022-03,4590.0,-3084.0,-638.0,+,-,-,"(+,-,-)",Reinvestor
NHPC,2023-03,4705.0,-4191.0,-795.0,+,-,-,"(+,-,-)",Reinvestor
NHPC,2024-03,6938.0,-5968.0,-581.0,+,-,-,"(+,-,-)",Reinvestor
NTPC,2013-03,16508.0,-16845.0,988.0,+,-,+,"(+,-,+)",Shareholder Returns
NTPC,2014-03,16531.0,-15509.0,-2709.0,+,-,-,"(+,-,-)",Reinvestor
NTPC,2015-03,14889.0,-15977.0,-1474.0,+,-,-,"(+,-,-)",Reinvestor
NTPC,2016-03,24125.0,-19162.0,-3899.0,+,-,-,"(+,-,-)",Reinvestor
NTPC,2017-03,20167.0,-24480.0,3138.0,+,-,+,"(+,-,+)",Shareholder Returns
NTPC,2018-03,19670.0,-20678.0,1028.0,+,-,+,"(+,-,+)",Shareholder Returns
NTPC,2019-03,18686.0,-24063.0,4927.0,+,-,+,"(+,-,+)",Shareholder Returns
NTPC,2020-03,23890.0,-29628.0,6004.0,+,-,+,"(+,-,+)",Shareholder Returns
NTPC,2021-03,32444.0,-21034.0,-11049.0,+,-,-,"(+,-,-)",Reinvestor
NTPC,2022-03,41788.0,-22891.0,-19172.0,+,-,-,"(+,-,-)",Reinvestor
NTPC,2023-03,47152.0,-26145.0,-21217.0,+,-,-,"(+,-,-)",Reinvestor
NTPC,2024-03,40785.0,-32141.0,-8246.0,+,-,-,"(+,-,-)",Reinvestor
ONGC,2013-03,39874.0,-41220.0,-6927.0,+,-,-,"(+,-,-)",Reinvestor
ONGC,2014-03,53270.0,-63633.0,15225.0,+,-,+,"(+,-,+)",Shareholder Returns
ONGC,2015-03,33950.0,-30058.0,-10641.0,+,-,-,"(+,-,-)",Reinvestor
ONGC,2016-03,46292.0,-38256.0,-8972.0,+,-,-,"(+,-,-)",Reinvestor
ONGC,2017-03,45780.0,-43815.0,-1867.0,+,-,-,"(+,-,-)",Reinvestor
ONGC,2018-03,56792.0,-66798.0,9909.0,+,-,+,"(+,-,+)",Shareholder Returns
ONGC,2019-03,61458.0,-37132.0,-23324.0,+,-,-,"(+,-,-)",Reinvestor
ONGC,2020-03,70593.0,-53159.0,-16726.0,+,-,-,"(+,-,-)",Reinvestor
ONGC,2021-03,47185.0,-39141.0,-8239.0,+,-,-,"(+,-,-)",Reinvestor
ONGC,2022-03,78248.0,-41197.0,-35790.0,+,-,-,"(+,-,-)",Reinvestor
ONGC,2023-03,86062.0,-74690.0,-12876.0,+,-,-,"(+,-,-)",Reinvestor
ONGC,2024-03,99263.0,-57203.0,-45650.0,+,-,-,"(+,-,-)",Reinvestor
PFC,2013-03,-25102.0,22.0,27947.0,-,+,+,"(-,+,+)",Distress Signal
PFC,2014-03,-22473.0,9.0,17671.0,-,+,+,"(-,+,+)",Distress Signal
PFC,2015-03,-21455.0,-491.0,26916.0,-,-,+,"(-,-,+)",Mixed
PFC,2016-03,-13298.0,-1973.0,10383.0,-,-,+,"(-,-,+)",Mixed
PFC,2017-03,1795.0,-667.0,1950.0,+,-,+,"(+,-,+)",Shareholder Returns
PFC,2018-03,-57148.0,1409.0,52018.0,-,+,+,"(-,+,+)",Distress Signal
PFC,2019-03,-80252.0,-13463.0,93616.0,-,-,+,"(-,-,+)",Mixed
PFC,2020-03,-42148.0,-73.0,43399.0,-,-,+,"(-,-,+)",Mixed
PFC,2021-03,-59143.0,1741.0,60424.0,-,+,+,"(-,+,+)",Distress Signal
PFC,2022-03,4904.0,-547.0,-8371.0,+,-,-,"(+,-,-)",Reinvestor
PFC,2023-03,-74717.0,-1694.0,75537.0,-,-,+,"(-,-,+)",Mixed
PFC,2024-03,-97820.0,-3409.0,101261.0,-,-,+,"(-,-,+)",Mixed
PIDILITIND,2013-03,472.0,-144.0,-339.0,+,-,-,"(+,-,-)",Reinvestor
PIDILITIND,2014-03,394.0,-99.0,-242.0,+,-,-,"(+,-,-)",Reinvestor
PIDILITIND,2015-03,552.0,-436.0,-165.0,+,-,-,"(+,-,-)",Reinvestor
PIDILITIND,2016-03,907.0,-491.0,-371.0,+,-,-,"(+,-,-)",Reinvestor
PIDILITIND,2017-03,794.0,-879.0,41.0,+,-,+,"(+,-,+)",Shareholder Returns
PIDILITIND,2018-03,796.0,39.0,-790.0,+,+,-,"(+,+,-)",Liquidating Assets
PIDILITIND,2019-03,845.0,-513.0,-361.0,+,-,-,"(+,-,-)",Reinvestor
PIDILITIND,2020-03,1280.0,103.0,-849.0,+,+,-,"(+,+,-)",Liquidating Assets
PIDILITIND,2021-03,1392.0,-1688.0,-76.0,+,-,-,"(+,-,-)",Reinvestor
PIDILITIND,2022-03,955.0,-558.0,-468.0,+,-,-,"(+,-,-)",Reinvestor
PIDILITIND,2023-03,1558.0,-899.0,-656.0,+,-,-,"(+,-,-)",Reinvestor
PIDILITIND,2024-03,2724.0,-1769.0,-742.0,+,-,-,"(+,-,-)",Reinvestor
PNB,2013-03,-692.0,-600.0,-694.0,-,-,-,"(-,-,-)",Mixed
PNB,2014-03,16906.0,-302.0,2129.0,+,-,+,"(+,-,+)",Shareholder Returns
PNB,2015-03,4814.0,-872.0,7451.0,+,-,+,"(+,-,+)",Shareholder Returns
PNB,2016-03,14167.0,-1352.0,5975.0,+,-,+,"(+,-,+)",Shareholder Returns
PNB,2017-03,21938.0,159.0,-9767.0,+,+,-,"(+,+,-)",Liquidating Assets
PNB,2018-03,-1742.0,392.0,7460.0,-,+,+,"(-,+,+)",Distress Signal
PNB,2019-03,-33532.0,-629.0,13969.0,-,-,+,"(-,-,+)",Mixed
PNB,2020-03,-12793.0,-338.0,13591.0,-,-,+,"(-,-,+)",Mixed
PNB,2021-03,30950.0,-787.0,5415.0,+,-,+,"(+,-,+)",Shareholder Returns
PNB,2022-03,20032.0,-1204.0,2032.0,+,-,+,"(+,-,+)",Shareholder Returns
PNB,2023-03,22592.0,-732.0,1275.0,+,-,+,"(+,-,+)",Shareholder Returns
PNB,2024-03,-27939.0,-1506.0,3518.0,-,-,+,"(-,-,+)",Mixed
POWERGRID,2013-03,11690.0,-22084.0,9962.0,+,-,+,"(+,-,+)",Shareholder Returns
POWERGRID,2014-03,15223.0,-26639.0,13712.0,+,-,+,"(+,-,+)",Shareholder Returns
POWERGRID,2015-03,15800.0,-24185.0,6399.0,+,-,+,"(+,-,+)",Shareholder Returns
POWERGRID,2016-03,15008.0,-21576.0,5621.0,+,-,+,"(+,-,+)",Shareholder Returns
POWERGRID,2017-03,21575.0,-23836.0,3959.0,+,-,+,"(+,-,+)",Shareholder Returns
POWERGRID,2018-03,22710.0,-25701.0,1285.0,+,-,+,"(+,-,+)",Shareholder Returns
POWERGRID,2019-03,23271.0,-18727.0,-2431.0,+,-,-,"(+,-,-)",Reinvestor
POWERGRID,2020-03,30739.0,-10733.0,-18806.0,+,-,-,"(+,-,-)",Reinvestor
POWERGRID,2021-03,29403.0,-9244.0,-20521.0,+,-,-,"(+,-,-)",Reinvestor
POWERGRID,2022-03,26124.0,753.0,-28967.0,+,+,-,"(+,+,-)",Liquidating Assets
POWERGRID,2023-03,40203.0,-7138.0,-30450.0,+,-,-,"(+,-,-)",Reinvestor
POWERGRID,2024-03,37290.0,-13114.0,-25903.0,+,-,-,"(+,-,-)",Reinvestor
RECLTD,2013-03,-20059.0,152.0,16059.0,-,+,+,"(-,+,+)",Distress Signal
RECLTD,2014-03,-17244.0,136.0,16815.0,-,+,+,"(-,+,+)",Distress Signal
RECLTD,2015-03,-23898.0,151.0,23098.0,-,+,+,"(-,+,+)",Distress Signal
RECLTD,2016-03,-13278.0,-756.0,15291.0,-,-,+,"(-,-,+)",Mixed
RECLTD,2017-03,6805.0,-101.0,-3947.0,+,-,-,"(+,-,-)",Reinvestor
RECLTD,2018-03,-32510.0,46.0,28244.0,-,+,+,"(-,+,+)",Distress Signal
RECLTD,2019-03,-35866.0,457.0,35543.0,-,+,+,"(-,+,+)",Distress Signal
RECLTD,2020-03,-32712.0,121.0,33926.0,-,+,+,"(-,+,+)",Distress Signal
RECLTD,2021-03,-43512.0,861.0,42113.0,-,+,+,"(-,+,+)",Distress Signal
RECLTD,2022-03,-819.0,-287.0,68.0,-,-,+,"(-,-,+)",Mixed
RECLTD,2023-03,-37360.0,-943.0,38123.0,-,-,+,"(-,-,+)",Mixed
RECLTD,2024-03,-57723.0,-1831.0,59588.0,-,-,+,"(-,-,+)",Mixed
RELIANCE,2013-03,36918.0,-27601.0,408.0,+,-,+,"(+,-,+)",Shareholder Returns
RELIANCE,2014-03,43261.0,-73070.0,13713.0,+,-,+,"(+,-,+)",Shareholder Returns
RELIANCE,2015-03,34374.0,-64706.0,8444.0,+,-,+,"(+,-,+)",Shareholder Returns
RELIANCE,2016-03,38134.0,-36186.0,-3210.0,+,-,-,"(+,-,-)",Reinvestor
RELIANCE,2017-03,49550.0,-66201.0,8617.0,+,-,+,"(+,-,+)",Shareholder Returns
RELIANCE,2018-03,71459.0,-68192.0,-2001.0,+,-,-,"(+,-,-)",Reinvestor
RELIANCE,2019-03,42346.0,-94507.0,55906.0,+,-,+,"(+,-,+)",Shareholder Returns
RELIANCE,2020-03,94877.0,-72497.0,-2541.0,+,-,-,"(+,-,-)",Reinvestor
RELIANCE,2021-03,26958.0,-142385.0,101904.0,+,-,+,"(+,-,+)",Shareholder Returns
RELIANCE,2022-03,110654.0,-109162.0,17289.0,+,-,+,"(+,-,+)",Shareholder Returns
RELIANCE,2023-03,115032.0,-93001.0,10455.0,+,-,+,"(+,-,+)",Shareholder Returns
RELIANCE,2024-03,158788.0,-113581.0,-16646.0,+,-,-,"(+,-,-)",Reinvestor
SBILIFE,2013-03,1130.0,-227.0,-58.0,+,-,-,"(+,-,-)",Reinvestor
SBILIFE,2014-03,166.0,-708.0,-58.0,+,-,-,"(+,-,-)",Reinvestor
SBILIFE,2015-03,2711.0,-178.0,-117.0,+,-,-,"(+,-,-)",Reinvestor
SBILIFE,2016-03,5778.0,-7204.0,-144.0,+,-,-,"(+,-,-)",Reinvestor
SBILIFE,2017-03,8525.0,-9032.0,-144.0,+,-,-,"(+,-,-)",Reinvestor
SBILIFE,2018-03,10395.0,-8910.0,-221.0,+,-,-,"(+,-,-)",Reinvestor
SBILIFE,2019-03,13473.0,-13552.0,-241.0,+,-,-,"(+,-,-)",Reinvestor
SBILIFE,2020-03,19299.0,-16986.0,-198.0,+,-,-,"(+,-,-)",Reinvestor
SBILIFE,2021-03,23878.0,-19203.0,3.0,+,-,+,"(+,-,+)",Shareholder Returns
SBILIFE,2022-03,21852.0,-21611.0,-231.0,+,-,-,"(+,-,-)",Reinvestor
SBILIFE,2023-03,28656.0,-30203.0,-415.0,+,-,-,"(+,-,-)",Reinvestor
SBILIFE,2024-03,29122.0,-31221.0,-227.0,+,-,-,"(+,-,-)",Reinvestor
SBIN,2013-03,24332.0,-2271.0,-4424.0,+,-,-,"(+,-,-)",Reinvestor
SBIN,2014-03,19142.0,-791.0,3583.0,+,-,+,"(+,-,+)",Shareholder Returns
SBIN,2015-03,26297.0,-3424.0,-1553.0,+,-,-,"(+,-,-)",Reinvestor
SBIN,2016-03,14477.0,-2747.0,4348.0,+,-,+,"(+,-,+)",Shareholder Returns
SBIN,2017-03,77406.0,-4572.0,-4196.0,+,-,-,"(+,-,-)",Reinvestor
SBIN,2018-03,-96508.0,13053.0,5547.0,-,+,+,"(-,+,+)",Distress Signal
SBIN,2019-03,29556.0,220.0,448.0,+,+,+,"(+,+,+)",Growth + Debt
SBIN,2020-03,23929.0,-555.0,5430.0,+,-,+,"(+,-,+)",Shareholder Returns
SBIN,2021-03,89919.0,-3670.0,7143.0,+,-,+,"(+,-,+)",Shareholder Returns
SBIN,2022-03,57695.0,-2652.0,-3845.0,+,-,-,"(+,-,-)",Reinvestor
SBIN,2023-03,-86014.0,-966.0,6386.0,-,-,+,"(-,-,+)",Mixed
SBIN,2024-03,21632.0,-3476.0,-9896.0,+,-,-,"(+,-,-)",Reinvestor
SHREECEM,2013-06,1260.0,-270.0,-982.0,+,-,-,"(+,-,-)",Reinvestor
SHREECEM,2014-06,1401.0,-1234.0,-156.0,+,-,-,"(+,-,-)",Reinvestor
SHREECEM,2015-06,1239.0,-990.0,-259.0,+,-,-,"(+,-,-)",Reinvestor
SHREECEM,2016-03,1566.0,-1265.0,-271.0,+,-,-,"(+,-,-)",Reinvestor
SHREECEM,2017-03,2202.0,-2048.0,-167.0,+,-,-,"(+,-,-)",Reinvestor
SHREECEM,2018-03,1879.0,-3595.0,1726.0,+,-,+,"(+,-,+)",Shareholder Returns
SHREECEM,2019-03,2080.0,-720.0,-1276.0,+,-,-,"(+,-,-)",Reinvestor
SHREECEM,2020-03,3973.0,-5590.0,1581.0,+,-,+,"(+,-,+)",Shareholder Returns
SHREECEM,2021-03,4254.0,-2651.0,-1233.0,+,-,-,"(+,-,-)",Reinvestor
SHREECEM,2022-03,2668.0,-2143.0,-849.0,+,-,-,"(+,-,-)",Reinvestor
SHREECEM,2023-03,2569.0,-2405.0,-277.0,+,-,-,"(+,-,-)",Reinvestor
SHREECEM,2024-03,3347.0,-1418.0,-1710.0,+,-,-,"(+,-,-)",Reinvestor
SHRIRAMFIN,2013-03,-8359.0,-41.0,9060.0,-,-,+,"(-,-,+)",Mixed
SHRIRAMFIN,2014-03,-4055.0,-112.0,5010.0,-,-,+,"(-,-,+)",Mixed
SHRIRAMFIN,2015-03,-9611.0,-45.0,7836.0,-,-,+,"(-,-,+)",Mixed
SHRIRAMFIN,2016-03,-5507.0,-36.0,2822.0,-,-,+,"(-,-,+)",Mixed
SHRIRAMFIN,2017-03,-2677.0,-2.0,3017.0,-,-,+,"(-,-,+)",Mixed
SHRIRAMFIN,2018-03,-13142.0,86.0,13014.0,-,+,+,"(-,+,+)",Distress Signal
SHRIRAMFIN,2019-03,-5535.0,-76.0,5550.0,-,-,+,"(-,-,+)",Mixed
SHRIRAMFIN,2020-03,-2464.0,-55.0,4579.0,-,-,+,"(-,-,+)",Mixed
SHRIRAMFIN,2021-03,-4239.0,-25.0,12226.0,-,-,+,"(-,-,+)",Mixed
SHRIRAMFIN,2022-03,-8859.0,-34.0,8505.0,-,-,+,"(-,-,+)",Mixed
SHRIRAMFIN,2023-03,-17625.0,5076.0,11820.0,-,+,+,"(-,+,+)",Distress Signal
SHRIRAMFIN,2024-03,-31101.0,-258.0,27609.0,-,-,+,"(-,-,+)",Mixed
SIEMENS,2011-09,3.0,264.0,-196.0,+,+,-,"(+,+,-)",Liquidating Assets
SIEMENS,2014-09,608.0,130.0,-220.0,+,+,-,"(+,+,-)",Liquidating Assets
SIEMENS,2015-09,574.0,646.0,-245.0,+,+,-,"(+,+,-)",Liquidating Assets
SIEMENS,2016-09,513.0,237.0,-1614.0,+,+,-,"(+,+,-)",Liquidating Assets
SIEMENS,2017-09,573.0,1321.0,-285.0,+,+,-,"(+,+,-)",Liquidating Assets
SIEMENS,2018-09,100.0,-174.0,-305.0,+,-,-,"(+,-,-)",Reinvestor
SIEMENS,2019-09,1273.0,-1135.0,-312.0,+,-,-,"(+,-,-)",Reinvestor
SIEMENS,2020-09,720.0,871.0,-386.0,+,+,-,"(+,+,-)",Liquidating Assets
SIEMENS,2021-09,1422.0,-2389.0,-502.0,+,-,-,"(+,-,-)",Reinvestor
SIEMENS,2022-09,978.0,-34.0,-392.0,+,-,-,"(+,-,-)",Reinvestor
SIEMENS,2023-09,1400.0,-759.0,-450.0,+,-,-,"(+,-,-)",Reinvestor
SIEMENS,2024-09,1670.0,-502.0,-523.0,+,-,-,"(+,-,-)",Reinvestor
SUNPHARMA,2013-03,3357.0,-2375.0,-665.0,+,-,-,"(+,-,-)",Reinvestor
SUNPHARMA,2014-03,3959.0,-2176.0,507.0,+,-,+,"(+,-,+)",Shareholder Returns
SUNPHARMA,2015-03,5616.0,-1502.0,-1187.0,+,-,-,"(+,-,-)",Reinvestor
SUNPHARMA,2016-03,6686.0,-3949.0,-1889.0,+,-,-,"(+,-,-)",Reinvestor
SUNPHARMA,2017-03,7082.0,-4186.0,-2285.0,+,-,-,"(+,-,-)",Reinvestor
SUNPHARMA,2018-03,3907.0,-3104.0,-1539.0,+,-,-,"(+,-,-)",Reinvestor
SUNPHARMA,2019-03,2196.0,-310.0,-2731.0,+,-,-,"(+,-,-)",Reinvestor
SUNPHARMA,2020-03,6555.0,-2225.0,-5715.0,+,-,-,"(+,-,-)",Reinvestor
SUNPHARMA,2021-03,6170.0,407.0,-5980.0,+,+,-,"(+,+,-)",Liquidating Assets
SUNPHARMA,2022-03,8985.0,-5556.0,-5193.0,+,-,-,"(+,-,-)",Reinvestor
SUNPHARMA,2023-03,4959.0,-7220.0,2376.0,+,-,+,"(+,-,+)",Shareholder Returns
SUNPHARMA,2024-03,12135.0,-763.0,-6710.0,+,-,-,"(+,-,-)",Reinvestor
TATACONSUM,2013-03,173.0,24.0,186.0,+,+,+,"(+,+,+)",Growth + Debt
TATACONSUM,2014-03,422.0,-1.0,-363.0,+,-,-,"(+,-,-)",Reinvestor
TATACONSUM,2015-03,418.0,-207.0,-392.0,+,-,-,"(+,-,-)",Reinvestor
TATACONSUM,2016-03,116.0,145.0,-282.0,+,+,-,"(+,+,-)",Liquidating Assets
TATACONSUM,2017-03,741.0,145.0,-816.0,+,+,-,"(+,+,-)",Liquidating Assets
TATACONSUM,2018-03,356.0,-31.0,-30.0,+,-,-,"(+,-,-)",Reinvestor
TATACONSUM,2019-03,210.0,53.0,-224.0,+,+,-,"(+,+,-)",Liquidating Assets
TATACONSUM,2020-03,1082.0,-622.0,-308.0,+,-,-,"(+,-,-)",Reinvestor
TATACONSUM,2021-03,1656.0,-346.0,-426.0,+,-,-,"(+,-,-)",Reinvestor
TATACONSUM,2022-03,1516.0,-1317.0,-995.0,+,-,-,"(+,-,-)",Reinvestor
TATACONSUM,2023-03,1461.0,-834.0,-714.0,+,-,-,"(+,-,-)",Reinvestor
TATACONSUM,2024-03,1937.0,-1911.0,256.0,+,-,+,"(+,-,+)",Shareholder Returns
TATAMOTORS,2013-03,22163.0,-22969.0,-1692.0,+,-,-,"(+,-,-)",Reinvestor
TATAMOTORS,2014-03,36151.0,-27991.0,-3883.0,+,-,-,"(+,-,-)",Reinvestor
TATAMOTORS,2015-03,35531.0,-36232.0,5201.0,+,-,+,"(+,-,+)",Shareholder Returns
TATAMOTORS,2016-03,37900.0,-36694.0,-3795.0,+,-,-,"(+,-,-)",Reinvestor
TATAMOTORS,2017-03,30199.0,-39571.0,6205.0,+,-,+,"(+,-,+)",Shareholder Returns
TATAMOTORS,2018-03,23857.0,-25139.0,2012.0,+,-,+,"(+,-,+)",Shareholder Returns
TATAMOTORS,2019-03,18891.0,-20878.0,8830.0,+,-,+,"(+,-,+)",Shareholder Returns
TATAMOTORS,2020-03,26633.0,-33115.0,3390.0,+,-,+,"(+,-,+)",Shareholder Returns
TATAMOTORS,2021-03,29001.0,-25672.0,9904.0,+,-,+,"(+,-,+)",Shareholder Returns
TATAMOTORS,2022-03,14283.0,-4444.0,-3380.0,+,-,-,"(+,-,-)",Reinvestor
TATAMOTORS,2023-03,35388.0,-15417.0,-26243.0,+,-,-,"(+,-,-)",Reinvestor
TATAMOTORS,2024-03,67915.0,-22782.0,-37006.0,+,-,-,"(+,-,-)",Reinvestor
TATAPOWER,2013-03,3286.0,-4026.0,-593.0,+,-,-,"(+,-,-)",Reinvestor
TATAPOWER,2014-03,6483.0,-3609.0,-3265.0,+,-,-,"(+,-,-)",Reinvestor
TATAPOWER,2015-03,5981.0,-3865.0,-2239.0,+,-,-,"(+,-,-)",Reinvestor
TATAPOWER,2016-03,7415.0,-1805.0,-6183.0,+,-,-,"(+,-,-)",Reinvestor
TATAPOWER,2017-03,7014.0,-7373.0,937.0,+,-,+,"(+,-,+)",Shareholder Returns
TATAPOWER,2018-03,6364.0,-1512.0,-4726.0,+,-,-,"(+,-,-)",Reinvestor
TATAPOWER,2019-03,4574.0,-272.0,-5184.0,+,-,-,"(+,-,-)",Reinvestor
TATAPOWER,2020-03,7375.0,-493.0,-5110.0,+,-,-,"(+,-,-)",Reinvestor
TATAPOWER,2021-03,8345.0,993.0,-7603.0,+,+,-,"(+,+,-)",Liquidating Assets
TATAPOWER,2022-03,6693.0,-6250.0,-1183.0,+,-,-,"(+,-,-)",Reinvestor
TATAPOWER,2023-03,7166.0,-7263.0,1341.0,+,-,+,"(+,-,+)",Shareholder Returns
TATAPOWER,2024-03,12596.0,-9027.0,-4497.0,+,-,-,"(+,-,-)",Reinvestor
TATASTEEL,2013-03,14035.0,-13099.0,-1780.0,+,-,-,"(+,-,-)",Reinvestor
TATASTEEL,2014-03,13146.0,-15378.0,1015.0,+,-,+,"(+,-,+)",Shareholder Returns
TATASTEEL,2015-03,11880.0,-9021.0,-2617.0,+,-,-,"(+,-,-)",Reinvestor
TATASTEEL,2016-03,11455.0,-8794.0,-4729.0,+,-,-,"(+,-,-)",Reinvestor
TATASTEEL,2017-03,10824.0,-9490.0,-2579.0,+,-,-,"(+,-,-)",Reinvestor
TATASTEEL,2018-03,8023.0,-11730.0,6640.0,+,-,+,"(+,-,+)",Shareholder Returns
TATASTEEL,2019-03,25336.0,-29176.0,-673.0,+,-,-,"(+,-,-)",Reinvestor
TATASTEEL,2020-03,20169.0,-14012.0,-1695.0,+,-,-,"(+,-,-)",Reinvestor
TATASTEEL,2021-03,44327.0,-9437.0,-37090.0,+,-,-,"(+,-,-)",Reinvestor
TATASTEEL,2022-03,44381.0,-10905.0,-23401.0,+,-,-,"(+,-,-)",Reinvestor
TATASTEEL,2023-03,21683.0,-18179.0,-6981.0,+,-,-,"(+,-,-)",Reinvestor
TATASTEEL,2024-03,20301.0,-14253.0,-11097.0,+,-,-,"(+,-,-)",Reinvestor
TCS,2013-03,11615.0,-6038.0,-5729.0,+,-,-,"(+,-,-)",Reinvestor
TCS,2014-03,14751.0,-9452.0,-5673.0,+,-,-,"(+,-,-)",Reinvestor
TCS,2015-03,19369.0,-1807.0,-17168.0,+,-,-,"(+,-,-)",Reinvestor
TCS,2016-03,19109.0,-5010.0,-9666.0,+,-,-,"(+,-,-)",Reinvestor
TCS,2017-03,25223.0,-16895.0,-11026.0,+,-,-,"(+,-,-)",Reinvestor
TCS,2018-03,25067.0,3104.0,-26885.0,+,+,-,"(+,+,-)",Liquidating Assets
TCS,2019-03,28593.0,1645.0,-27897.0,+,+,-,"(+,+,-)",Liquidating Assets
TCS,2020-03,32369.0,8968.0,-39915.0,+,+,-,"(+,+,-)",Liquidating Assets
TCS,2021-03,38802.0,-7956.0,-32634.0,+,-,-,"(+,-,-)",Reinvestor
TCS,2022-03,39949.0,-738.0,-33581.0,+,-,-,"(+,-,-)",Reinvestor
TCS,2023-03,41965.0,548.0,-47878.0,+,+,-,"(+,+,-)",Liquidating Assets
TCS,2024-03,44338.0,6091.0,-48536.0,+,+,-,"(+,+,-)",Liquidating Assets
TECHM,2013-03,855.0,-622.0,65.0,+,-,+,"(+,-,+)",Shareholder Returns
TECHM,2014-03,1596.0,291.0,-972.0,+,+,-,"(+,+,-)",Liquidating Assets
TECHM,2015-03,2448.0,-1865.0,-829.0,+,-,-,"(+,-,-)",Reinvestor
TECHM,2016-03,3137.0,-1453.0,-496.0,+,-,-,"(+,-,-)",Reinvestor
TECHM,2017-03,4071.0,-2893.0,-1571.0,+,-,-,"(+,-,-)",Reinvestor
TECHM,2018-03,3554.0,-3319.0,-269.0,+,-,-,"(+,-,-)",Reinvestor
TECHM,2019-03,4432.0,-2104.0,-2251.0,+,-,-,"(+,-,-)",Reinvestor
TECHM,2020-03,4358.0,1081.0,-4466.0,+,+,-,"(+,+,-)",Liquidating Assets
TECHM,2021-03,8094.0,-5433.0,-2987.0,+,-,-,"(+,-,-)",Reinvestor
TECHM,2022-03,5285.0,480.0,-4667.0,+,+,-,"(+,+,-)",Liquidating Assets
TECHM,2023-03,5572.0,-226.0,-5078.0,+,-,-,"(+,-,-)",Reinvestor
TECHM,2024-03,6376.0,-1318.0,-4767.0,+,-,-,"(+,-,-)",Reinvestor
TITAN,2013-03,553.0,-142.0,-236.0,+,-,-,"(+,-,-)",Reinvestor
TITAN,2014-03,-555.0,-271.0,497.0,-,-,+,"(-,-,+)",Mixed
TITAN,2015-03,503.0,-118.0,-1005.0,+,-,-,"(+,-,-)",Reinvestor
TITAN,2016-03,576.0,-159.0,-505.0,+,-,-,"(+,-,-)",Reinvestor
TITAN,2017-03,1712.0,-953.0,-166.0,+,-,-,"(+,-,-)",Reinvestor
TITAN,2018-03,-51.0,98.0,-252.0,-,+,-,"(-,+,-)",Pre-Revenue Growth
TITAN,2019-03,1243.0,-797.0,-489.0,+,-,-,"(+,-,-)",Reinvestor
TITAN,2020-03,-348.0,235.0,-242.0,-,+,-,"(-,+,-)",Pre-Revenue Growth
TITAN,2021-03,4139.0,-2799.0,-1234.0,+,-,-,"(+,-,-)",Reinvestor
TITAN,2022-03,-724.0,1165.0,-403.0,-,+,-,"(-,+,-)",Pre-Revenue Growth
TITAN,2023-03,1370.0,-1814.0,457.0,+,-,+,"(+,-,+)",Shareholder Returns
TITAN,2024-03,1695.0,-189.0,-1329.0,+,-,-,"(+,-,-)",Reinvestor
TORNTPHARM,2013-03,153.0,-247.0,20.0,+,-,+,"(+,-,+)",Shareholder Returns
TORNTPHARM,2014-03,599.0,-418.0,86.0,+,-,+,"(+,-,+)",Shareholder Returns
TORNTPHARM,2015-03,810.0,-2113.0,1212.0,+,-,+,"(+,-,+)",Shareholder Returns
TORNTPHARM,2016-03,2742.0,-869.0,-1435.0,+,-,-,"(+,-,-)",Reinvestor
TORNTPHARM,2017-03,1009.0,-798.0,-193.0,+,-,-,"(+,-,-)",Reinvestor
TORNTPHARM,2018-03,894.0,-4677.0,3417.0,+,-,+,"(+,-,+)",Shareholder Returns
TORNTPHARM,2019-03,1798.0,-246.0,-1314.0,+,-,-,"(+,-,-)",Reinvestor
TORNTPHARM,2020-03,1393.0,229.0,-1549.0,+,+,-,"(+,+,-)",Liquidating Assets
TORNTPHARM,2021-03,2005.0,-444.0,-1651.0,+,-,-,"(+,-,-)",Reinvestor
TORNTPHARM,2022-03,1803.0,-196.0,-1781.0,+,-,-,"(+,-,-)",Reinvestor
TORNTPHARM,2023-03,2368.0,-2335.0,77.0,+,-,+,"(+,-,+)",Shareholder Returns
TORNTPHARM,2024-03,3266.0,-160.0,-2780.0,+,-,-,"(+,-,-)",Reinvestor
TRENT,2013-03,31.0,-276.0,147.0,+,-,+,"(+,-,+)",Shareholder Returns
TRENT,2014-03,-46.0,-48.0,-50.0,-,-,-,"(-,-,-)",Mixed
TRENT,2015-03,-10.0,-306.0,310.0,-,-,+,"(-,-,+)",Mixed
TRENT,2016-03,109.0,-98.0,-13.0,+,-,-,"(+,-,-)",Reinvestor
TRENT,2017-03,102.0,-44.0,-51.0,+,-,-,"(+,-,-)",Reinvestor
TRENT,2018-03,77.0,-4.0,-74.0,+,-,-,"(+,-,-)",Reinvestor
TRENT,2019-03,21.0,-37.0,37.0,+,-,+,"(+,-,+)",Shareholder Returns
TRENT,2020-03,361.0,-809.0,452.0,+,-,+,"(+,-,+)",Shareholder Returns
TRENT,2021-03,285.0,18.0,-283.0,+,+,-,"(+,+,-)",Liquidating Assets
TRENT,2022-03,58.0,56.0,-108.0,+,+,-,"(+,+,-)",Liquidating Assets
TRENT,2023-03,595.0,-103.0,-491.0,+,-,-,"(+,-,-)",Reinvestor
TRENT,2024-03,1349.0,-508.0,-629.0,+,-,-,"(+,-,-)",Reinvestor
TVSMOTOR,2013-03,464.0,-120.0,-402.0,+,-,-,"(+,-,-)",Reinvestor
TVSMOTOR,2014-03,470.0,-235.0,-216.0,+,-,-,"(+,-,-)",Reinvestor
TVSMOTOR,2015-03,83.0,-415.0,261.0,+,-,+,"(+,-,+)",Shareholder Returns
TVSMOTOR,2016-03,936.0,-605.0,-319.0,+,-,-,"(+,-,-)",Reinvestor
TVSMOTOR,2017-03,689.0,-709.0,-59.0,+,-,-,"(+,-,-)",Reinvestor
TVSMOTOR,2018-03,354.0,-1095.0,897.0,+,-,+,"(+,-,+)",Shareholder Returns
TVSMOTOR,2019-03,-918.0,-1104.0,2210.0,-,-,+,"(-,-,+)",Mixed
TVSMOTOR,2020-03,373.0,-1090.0,1619.0,+,-,+,"(+,-,+)",Shareholder Returns
TVSMOTOR,2021-03,1151.0,-882.0,264.0,+,-,+,"(+,-,+)",Shareholder Returns
TVSMOTOR,2022-03,-1575.0,-1471.0,2918.0,-,-,+,"(-,-,+)",Mixed
TVSMOTOR,2023-03,-4405.0,-1308.0,6118.0,-,-,+,"(-,-,+)",Mixed
TVSMOTOR,2024-03,-1253.0,-1001.0,2759.0,-,-,+,"(-,-,+)",Mixed
